,technology,creation_date
0,new,2019-04-01 10:26:58.730000+00:00
1,new,2013-10-14 22:37:56.613000+00:00
2,new,2018-07-24 10:27:00.963000+00:00
3,new,2019-11-17 03:14:59.273000+00:00
4,new,2018-07-04 20:53:35.083000+00:00
5,new,2017-06-14 13:02:07.830000+00:00
6,new,2019-07-26 12:40:52.280000+00:00
7,new,2020-04-14 19:16:23.003000+00:00
8,new,2020-05-13 19:39:50.047000+00:00
9,new,2019-12-10 12:07:01.293000+00:00
10,new,2014-06-30 18:57:16.987000+00:00
11,new,2019-11-15 16:27:58.120000+00:00
12,new,2019-10-06 09:19:03.530000+00:00
13,new,2020-03-01 17:35:28.360000+00:00
14,new,2018-09-25 07:14:15.147000+00:00
15,new,2017-01-30 15:34:10.980000+00:00
16,new,2017-09-20 07:23:53.067000+00:00
17,new,2015-06-17 11:01:04.963000+00:00
18,new,2016-01-13 21:33:56.743000+00:00
19,new,2019-04-11 10:08:31.593000+00:00
20,new,2015-10-16 17:57:01.590000+00:00
21,new,2020-07-13 10:58:14.927000+00:00
22,new,2020-03-23 10:38:46.947000+00:00
23,new,2018-09-11 11:29:45.033000+00:00
24,new,2014-06-11 20:31:27.910000+00:00
25,new,2019-12-22 13:47:50.627000+00:00
26,new,2019-05-09 11:23:46.163000+00:00
27,new,2016-08-03 11:37:14.860000+00:00
28,new,2017-09-11 10:58:27.557000+00:00
29,new,2019-11-13 11:55:59.440000+00:00
30,new,2019-06-30 12:34:27.730000+00:00
31,new,2013-12-19 01:34:47.457000+00:00
32,new,2020-05-22 09:04:59.130000+00:00
33,new,2019-04-08 17:08:59.263000+00:00
34,new,2020-06-26 19:13:00.740000+00:00
35,new,2019-06-12 18:51:25.283000+00:00
36,new,2020-01-17 05:44:26.290000+00:00
37,new,2018-03-23 23:14:46.177000+00:00
38,new,2019-11-26 04:08:37.087000+00:00
39,new,2020-01-13 15:35:54.323000+00:00
40,new,2019-07-24 10:31:16.670000+00:00
41,new,2018-11-09 01:02:53.693000+00:00
42,new,2018-04-04 10:18:06.360000+00:00
43,new,2015-04-30 11:42:32.563000+00:00
44,new,2016-12-28 02:54:50.890000+00:00
45,new,2019-07-19 11:03:42.350000+00:00
46,new,2019-08-18 06:47:52.333000+00:00
47,new,2016-01-12 07:53:20.630000+00:00
48,new,2016-09-27 12:54:01.423000+00:00
49,new,2020-07-11 07:21:12.217000+00:00
50,new,2017-04-26 07:15:09.810000+00:00
51,new,2020-01-13 14:26:51.183000+00:00
52,new,2015-01-12 23:13:05.103000+00:00
53,new,2016-12-10 21:25:30.390000+00:00
54,new,2017-12-15 13:13:10.163000+00:00
55,new,2015-09-04 14:03:50.783000+00:00
56,new,2014-12-22 12:00:59.747000+00:00
57,new,2015-12-03 16:55:44.487000+00:00
58,new,2017-09-11 23:17:50.577000+00:00
59,new,2016-05-11 10:16:29.717000+00:00
60,new,2019-12-16 13:37:00.873000+00:00
61,new,2019-06-20 06:28:54.200000+00:00
62,new,2018-10-01 09:47:56.840000+00:00
63,new,2016-03-11 23:55:38.970000+00:00
64,new,2015-08-27 16:32:15.093000+00:00
65,new,2016-09-01 04:10:21.567000+00:00
66,new,2019-01-31 02:00:33.493000+00:00
67,new,2013-12-16 14:48:55.643000+00:00
68,new,2014-10-04 02:13:14.453000+00:00
69,new,2015-06-19 06:15:06.903000+00:00
70,new,2019-11-12 15:25:44.980000+00:00
71,new,2015-10-26 15:24:08.917000+00:00
72,new,2015-10-30 15:47:20.050000+00:00
73,new,2020-04-17 19:44:19.320000+00:00
74,new,2016-08-04 20:57:34.123000+00:00
75,new,2020-02-15 16:45:02.023000+00:00
76,new,2020-05-12 10:32:43.717000+00:00
77,new,2013-08-21 17:42:43.813000+00:00
78,new,2016-01-04 12:43:26.627000+00:00
79,new,2017-09-06 08:08:29.260000+00:00
80,new,2014-02-11 12:51:27.240000+00:00
81,new,2015-09-04 09:44:35.797000+00:00
82,new,2020-05-26 04:33:44.630000+00:00
83,new,2018-03-18 21:25:32.047000+00:00
84,new,2016-09-05 23:43:46.507000+00:00
85,new,2017-06-06 15:41:12.037000+00:00
86,new,2017-02-08 14:01:43.710000+00:00
87,new,2018-12-13 05:50:13.087000+00:00
88,new,2019-07-24 12:09:13.263000+00:00
89,new,2020-05-13 14:48:16.660000+00:00
90,new,2020-06-04 13:20:36.593000+00:00
91,new,2015-03-10 15:30:40.980000+00:00
92,new,2017-10-11 23:35:05.230000+00:00
93,new,2020-05-07 14:12:33.030000+00:00
94,new,2018-01-08 18:12:12.720000+00:00
95,new,2019-04-28 00:13:42.920000+00:00
96,new,2020-06-12 23:29:52.073000+00:00
97,new,2016-05-19 19:16:00.367000+00:00
98,new,2019-05-07 02:17:37.160000+00:00
99,new,2016-02-13 00:26:36.120000+00:00
100,new,2016-11-23 10:03:48.577000+00:00
101,new,2019-07-22 08:57:32.067000+00:00
102,new,2017-06-12 19:23:45.237000+00:00
103,new,2020-05-05 10:51:51.077000+00:00
104,new,2016-04-08 20:54:13.777000+00:00
105,new,2020-02-05 06:28:30.230000+00:00
106,new,2016-03-17 11:42:36.157000+00:00
107,new,2014-06-11 07:42:53.727000+00:00
108,new,2018-02-25 06:51:12.853000+00:00
109,new,2019-08-02 03:15:52.330000+00:00
110,new,2020-07-01 19:36:37.770000+00:00
111,new,2019-01-11 20:30:28.230000+00:00
112,new,2016-09-13 04:07:12.467000+00:00
113,new,2016-08-30 12:40:56.020000+00:00
114,new,2017-11-02 13:25:13.727000+00:00
115,new,2019-04-22 15:06:39.853000+00:00
116,new,2020-06-24 18:52:06.627000+00:00
117,new,2020-05-12 07:55:43.087000+00:00
118,new,2017-06-23 13:24:06.123000+00:00
119,new,2017-09-21 17:57:51.327000+00:00
120,new,2014-06-23 11:02:23.397000+00:00
121,new,2018-10-14 15:54:34.363000+00:00
122,new,2020-07-15 05:19:39.117000+00:00
123,new,2019-01-08 05:53:48.827000+00:00
124,new,2020-08-18 19:21:44.473000+00:00
125,new,2017-01-30 02:36:30.903000+00:00
126,new,2019-06-13 01:58:30.583000+00:00
127,new,2018-12-02 15:21:41.900000+00:00
128,new,2019-03-21 20:38:03.790000+00:00
129,new,2016-07-25 22:02:27.337000+00:00
130,new,2017-03-28 13:27:17.890000+00:00
131,new,2019-09-10 09:37:06.573000+00:00
132,new,2016-08-18 15:38:07.413000+00:00
133,new,2014-11-02 21:36:58.420000+00:00
134,new,2020-08-21 21:30:27.390000+00:00
135,new,2019-04-29 13:56:33.123000+00:00
136,new,2020-08-05 19:05:08.903000+00:00
137,new,2018-09-20 10:40:28.547000+00:00
138,new,2020-02-20 10:48:20.223000+00:00
139,new,2016-08-17 08:29:50.430000+00:00
140,new,2015-09-08 21:43:47.643000+00:00
141,new,2019-03-18 09:19:28.103000+00:00
142,new,2017-04-12 16:54:09.990000+00:00
143,new,2015-12-28 02:53:20.610000+00:00
144,new,2019-11-20 07:06:01.740000+00:00
145,new,2016-09-14 08:58:23.030000+00:00
146,new,2019-08-14 18:28:10.733000+00:00
147,new,2019-01-30 12:41:18.643000+00:00
148,new,2017-07-28 14:17:34.917000+00:00
149,new,2013-06-10 03:51:18.403000+00:00
150,new,2016-06-30 07:58:23.243000+00:00
151,new,2019-08-09 08:15:25.013000+00:00
152,new,2019-05-04 09:53:48.893000+00:00
153,new,2017-03-24 17:27:44.560000+00:00
154,new,2011-06-09 15:52:31.807000+00:00
155,new,2018-08-16 20:48:30.323000+00:00
156,new,2017-02-02 03:24:34.970000+00:00
157,new,2017-10-23 15:11:42.123000+00:00
158,new,2020-08-12 16:35:24.090000+00:00
159,new,2017-06-03 11:24:31.980000+00:00
160,new,2019-06-18 06:44:02.070000+00:00
161,new,2019-07-31 09:09:42.317000+00:00
162,new,2020-02-10 10:22:03.087000+00:00
163,new,2018-11-21 14:53:52.013000+00:00
164,new,2014-09-28 08:44:05.093000+00:00
165,new,2017-10-13 09:18:40.173000+00:00
166,new,2016-07-06 16:30:01.467000+00:00
167,new,2019-10-21 10:49:07.687000+00:00
168,new,2016-07-11 01:34:49.440000+00:00
169,new,2014-12-19 16:56:25.677000+00:00
170,new,2017-08-05 14:09:10.303000+00:00
171,new,2015-03-03 14:51:19.673000+00:00
172,new,2016-07-08 07:29:09.527000+00:00
173,new,2015-09-21 14:43:29.283000+00:00
174,new,2015-08-14 16:31:53.557000+00:00
175,new,2014-02-01 17:16:04.513000+00:00
176,new,2013-03-29 20:44:35.223000+00:00
177,new,2019-12-18 14:42:47.843000+00:00
178,new,2015-05-08 04:31:38.077000+00:00
179,new,2019-01-04 19:12:31.050000+00:00
180,new,2018-04-16 22:37:49.997000+00:00
181,new,2020-03-24 22:17:44.547000+00:00
182,new,2020-06-18 14:52:01.527000+00:00
183,new,2017-06-29 22:34:31.527000+00:00
184,new,2014-08-06 16:20:23.010000+00:00
185,new,2016-08-24 00:34:50.890000+00:00
186,new,2019-10-30 21:27:44+00:00
187,new,2018-08-09 07:20:25.357000+00:00
188,new,2018-03-12 15:03:03.817000+00:00
189,new,2020-05-06 21:54:09.577000+00:00
190,new,2020-02-29 14:49:05.297000+00:00
191,new,2017-10-24 13:32:12.407000+00:00
192,new,2020-05-19 10:23:29.777000+00:00
193,new,2017-04-16 20:18:27.940000+00:00
194,new,2016-07-19 15:59:22.157000+00:00
195,new,2019-12-03 23:44:14.563000+00:00
196,new,2015-11-16 10:43:38.070000+00:00
197,new,2015-09-19 13:24:40.540000+00:00
198,new,2012-10-29 09:01:53.017000+00:00
199,new,2016-12-31 10:51:52.693000+00:00
200,new,2019-10-06 17:25:08.877000+00:00
201,new,2020-07-27 14:48:17.467000+00:00
202,new,2016-10-03 03:43:14.603000+00:00
203,new,2017-05-03 17:25:28.263000+00:00
204,new,2020-01-14 09:27:33.927000+00:00
205,new,2019-07-09 22:32:42.877000+00:00
206,new,2019-10-18 13:59:06.743000+00:00
207,new,2012-10-02 02:48:30.370000+00:00
208,new,2018-07-28 22:09:37.970000+00:00
209,new,2017-03-08 10:59:06.617000+00:00
210,new,2015-12-03 18:11:45.067000+00:00
211,new,2018-10-06 08:56:17.363000+00:00
212,new,2020-02-21 14:49:04.347000+00:00
213,new,2018-03-07 23:15:28.007000+00:00
214,new,2015-05-01 11:34:47.147000+00:00
215,new,2018-09-09 05:43:46.760000+00:00
216,new,2013-06-17 21:56:29.487000+00:00
217,new,2014-09-01 14:54:04.330000+00:00
218,new,2019-01-30 17:17:13.430000+00:00
219,new,2016-02-22 21:07:13.093000+00:00
220,new,2019-09-17 07:29:46.550000+00:00
221,new,2016-10-03 01:51:12.043000+00:00
222,new,2016-06-01 09:38:38.653000+00:00
223,new,2018-09-10 01:57:58.833000+00:00
224,new,2015-11-25 04:05:37.220000+00:00
225,new,2016-09-19 12:12:15.297000+00:00
226,new,2020-07-29 11:11:18.053000+00:00
227,new,2018-06-20 06:27:18.637000+00:00
228,new,2020-07-22 05:03:10.800000+00:00
229,new,2020-02-29 07:31:25.373000+00:00
230,new,2018-05-11 11:31:00.110000+00:00
231,new,2020-03-26 10:50:06.110000+00:00
232,new,2017-04-24 05:19:48.017000+00:00
233,new,2018-08-15 12:49:57.400000+00:00
234,new,2020-08-28 21:20:47.837000+00:00
235,new,2014-05-16 21:22:21.073000+00:00
236,new,2018-04-16 03:17:28.593000+00:00
237,new,2017-06-21 12:24:01.180000+00:00
238,new,2019-04-22 13:30:05.627000+00:00
239,new,2016-08-15 16:56:07.683000+00:00
240,new,2016-07-25 16:06:12.210000+00:00
241,new,2017-03-30 10:42:30.793000+00:00
242,new,2018-01-12 06:18:41.217000+00:00
243,new,2019-11-27 15:50:30.160000+00:00
244,new,2019-09-18 16:50:36.593000+00:00
245,new,2015-12-23 14:35:36.547000+00:00
246,new,2017-01-24 15:45:24.963000+00:00
247,new,2019-04-16 10:52:10.090000+00:00
248,new,2018-04-04 08:00:35.410000+00:00
249,new,2011-05-13 16:29:41.307000+00:00
250,new,2017-11-02 15:14:29.487000+00:00
251,new,2019-10-24 21:03:22.363000+00:00
252,new,2020-08-13 20:33:52.557000+00:00
253,new,2018-07-06 05:50:19.617000+00:00
254,new,2020-02-03 07:16:23.873000+00:00
255,new,2020-09-02 09:17:05.610000+00:00
256,new,2014-09-03 11:26:02.580000+00:00
257,new,2019-03-01 11:10:21.167000+00:00
258,new,2019-06-21 11:01:48.697000+00:00
259,new,2020-09-03 08:56:51.990000+00:00
260,new,2018-08-14 05:32:02.223000+00:00
261,new,2018-12-24 12:22:59.083000+00:00
262,new,2018-12-02 10:38:01.290000+00:00
263,new,2020-06-17 13:52:00.940000+00:00
264,new,2014-09-02 08:48:21.547000+00:00
265,new,2016-07-21 10:53:38.610000+00:00
266,new,2018-01-16 02:04:31.507000+00:00
267,new,2012-12-04 05:58:11.217000+00:00
268,new,2016-08-07 02:39:29.463000+00:00
269,new,2017-11-19 14:08:35.943000+00:00
270,new,2019-02-08 13:11:04.340000+00:00
271,new,2019-05-24 13:31:33.867000+00:00
272,new,2015-04-30 14:50:55.863000+00:00
273,new,2010-02-19 16:24:05.143000+00:00
274,new,2020-06-08 09:13:04.917000+00:00
275,new,2020-03-10 20:53:52.543000+00:00
276,new,2014-08-08 08:32:05.283000+00:00
277,new,2018-08-08 20:34:15.877000+00:00
278,new,2019-06-21 06:45:28.433000+00:00
279,new,2014-01-27 13:18:27.277000+00:00
280,new,2019-06-05 11:45:04.910000+00:00
281,new,2016-05-04 16:37:38.263000+00:00
282,new,2013-12-15 17:35:35.523000+00:00
283,new,2020-05-19 23:24:40.960000+00:00
284,new,2016-08-31 12:25:58.403000+00:00
285,new,2017-06-11 05:13:19.600000+00:00
286,new,2020-08-14 19:28:04.700000+00:00
287,new,2015-10-21 10:03:48.003000+00:00
288,new,2020-06-18 05:23:37.627000+00:00
289,new,2020-03-22 11:28:13.793000+00:00
290,new,2017-07-08 08:15:48.073000+00:00
291,new,2015-01-29 10:06:37.567000+00:00
292,new,2018-07-09 07:30:03.030000+00:00
293,new,2018-09-14 12:55:02.640000+00:00
294,new,2014-08-22 14:58:11.833000+00:00
295,new,2014-11-02 22:20:04.087000+00:00
296,new,2018-08-16 08:03:57.120000+00:00
297,new,2018-03-28 02:31:18.550000+00:00
298,new,2019-04-04 03:55:17.467000+00:00
299,new,2017-03-28 15:19:03.123000+00:00
300,new,2018-02-20 13:21:05.843000+00:00
301,new,2020-01-06 13:58:32.110000+00:00
302,new,2017-07-12 17:10:26.663000+00:00
303,new,2013-11-07 20:24:46.147000+00:00
304,new,2015-02-11 16:18:28.487000+00:00
305,new,2018-06-01 22:20:22.957000+00:00
306,new,2018-09-01 18:08:37.330000+00:00
307,new,2019-12-16 09:49:45.200000+00:00
308,new,2017-11-18 05:53:14.720000+00:00
309,new,2018-06-11 19:49:08.140000+00:00
310,new,2018-09-09 09:42:13.857000+00:00
311,new,2019-12-20 13:22:55.637000+00:00
312,new,2020-03-23 14:28:40.170000+00:00
313,new,2017-06-15 14:05:37.150000+00:00
314,new,2016-07-21 09:58:22.617000+00:00
315,new,2020-04-08 14:06:17.527000+00:00
316,new,2018-01-30 04:41:58.367000+00:00
317,new,2018-02-04 01:05:10.530000+00:00
318,new,2019-01-30 18:15:22.007000+00:00
319,new,2016-04-30 12:41:16.457000+00:00
320,new,2017-02-17 06:32:23.470000+00:00
321,new,2014-11-05 22:31:46.230000+00:00
322,new,2014-08-11 09:30:40.143000+00:00
323,new,2018-03-28 11:51:55.837000+00:00
324,new,2017-05-19 02:25:37.393000+00:00
325,new,2019-11-05 10:48:39.257000+00:00
326,new,2017-01-09 10:06:39.630000+00:00
327,new,2018-01-21 12:01:38.470000+00:00
328,new,2017-01-09 19:33:24.517000+00:00
329,new,2020-02-04 02:13:54.113000+00:00
330,new,2015-03-01 22:32:14.023000+00:00
331,new,2017-10-28 10:21:58.823000+00:00
332,new,2020-08-11 06:01:09.507000+00:00
333,new,2014-12-24 09:05:29.633000+00:00
334,new,2014-09-23 13:01:27.480000+00:00
335,new,2017-11-21 12:37:42.543000+00:00
336,new,2016-02-02 09:27:16.077000+00:00
337,new,2020-07-19 13:15:21.643000+00:00
338,new,2016-04-30 07:45:15.330000+00:00
339,new,2020-04-24 07:20:16.547000+00:00
340,new,2017-06-28 17:00:55.273000+00:00
341,new,2018-11-02 17:14:23.073000+00:00
342,new,2019-04-22 18:31:33.860000+00:00
343,new,2016-03-17 22:38:04.133000+00:00
344,new,2013-12-31 02:34:11.800000+00:00
345,new,2018-02-28 19:28:46+00:00
346,new,2016-12-22 19:14:57.217000+00:00
347,new,2019-05-10 11:14:43.323000+00:00
348,new,2016-09-06 11:18:07.853000+00:00
349,new,2019-06-17 23:37:40.563000+00:00
350,new,2017-06-23 10:09:15.843000+00:00
351,new,2016-03-03 18:55:02.790000+00:00
352,new,2015-05-07 15:09:24.283000+00:00
353,new,2013-12-05 11:03:15.743000+00:00
354,new,2020-03-24 08:51:42.723000+00:00
355,new,2020-04-10 15:12:54.593000+00:00
356,new,2019-10-31 10:19:16.183000+00:00
357,new,2019-08-28 14:14:22.130000+00:00
358,new,2014-05-09 09:38:26.610000+00:00
359,new,2020-07-20 22:54:17.757000+00:00
360,new,2017-12-22 22:15:24.983000+00:00
361,new,2020-03-31 12:03:35.747000+00:00
362,new,2017-04-13 04:32:57.010000+00:00
363,new,2019-03-29 12:22:42.720000+00:00
364,new,2019-09-22 04:25:06.950000+00:00
365,new,2015-03-01 22:41:22.643000+00:00
366,new,2016-06-23 22:36:47.270000+00:00
367,new,2017-03-09 15:37:07.833000+00:00
368,new,2017-08-03 17:09:02.020000+00:00
369,new,2019-04-09 01:19:53.133000+00:00
370,new,2020-02-23 00:57:27.333000+00:00
371,new,2017-04-27 08:35:22.007000+00:00
372,new,2018-03-27 04:09:49.117000+00:00
373,new,2017-02-11 14:12:22.640000+00:00
374,new,2019-01-22 05:18:52.393000+00:00
375,new,2019-12-19 00:55:43.110000+00:00
376,new,2020-02-13 17:30:21.653000+00:00
377,new,2020-08-14 06:18:17.707000+00:00
378,new,2013-11-20 13:03:41.950000+00:00
379,new,2013-07-23 08:54:33.017000+00:00
380,new,2018-10-07 14:18:40.207000+00:00
381,new,2015-06-29 16:42:33.503000+00:00
382,new,2019-06-26 18:07:25.117000+00:00
383,new,2020-02-09 14:18:22.137000+00:00
384,new,2016-10-07 15:37:54.417000+00:00
385,new,2017-07-27 11:01:30.053000+00:00
386,new,2017-09-04 19:54:34.160000+00:00
387,new,2018-03-27 08:26:01.240000+00:00
388,new,2018-11-30 22:01:03.550000+00:00
389,new,2017-05-28 19:11:02.400000+00:00
390,new,2020-06-29 19:17:37.563000+00:00
391,new,2015-07-29 18:27:03.363000+00:00
392,new,2020-09-02 01:57:33.580000+00:00
393,new,2015-05-21 12:37:51.113000+00:00
394,new,2020-08-20 07:06:55.630000+00:00
395,new,2017-03-13 08:13:56.113000+00:00
396,new,2020-05-30 14:34:59.353000+00:00
397,new,2016-12-06 07:08:34.623000+00:00
398,new,2015-12-11 12:12:08.280000+00:00
399,new,2019-03-08 05:51:53.803000+00:00
400,new,2015-03-31 14:14:12.057000+00:00
401,new,2017-09-29 07:08:18.680000+00:00
402,new,2013-08-19 09:11:15.243000+00:00
403,new,2013-07-20 19:15:26.883000+00:00
404,new,2014-02-14 12:02:10.447000+00:00
405,new,2019-08-09 18:04:12.820000+00:00
406,new,2019-06-11 15:39:41.507000+00:00
407,new,2019-03-08 13:46:09.867000+00:00
408,new,2017-11-08 03:34:27.360000+00:00
409,new,2014-06-09 17:09:56.917000+00:00
410,new,2016-02-17 09:58:46.373000+00:00
411,new,2017-07-25 06:17:15.260000+00:00
412,new,2019-05-11 16:20:48.127000+00:00
413,new,2017-01-09 13:03:32.227000+00:00
414,new,2019-04-02 02:54:52.130000+00:00
415,new,2017-01-07 14:21:22.210000+00:00
416,new,2017-01-21 11:40:54.930000+00:00
417,new,2016-01-25 13:10:07.220000+00:00
418,new,2019-02-13 00:39:05.377000+00:00
419,new,2016-10-19 23:29:34.613000+00:00
420,new,2018-08-01 14:36:56.933000+00:00
421,new,2018-07-18 18:19:51.567000+00:00
422,new,2020-02-29 19:40:30.457000+00:00
423,new,2017-03-15 07:16:11.693000+00:00
424,new,2017-07-31 16:29:25.620000+00:00
425,new,2016-02-04 20:49:28.240000+00:00
426,new,2020-01-22 16:26:49.973000+00:00
427,new,2017-09-05 06:10:53.300000+00:00
428,new,2020-01-02 07:47:38.443000+00:00
429,new,2018-01-05 09:24:32.730000+00:00
430,new,2018-12-07 10:36:50.180000+00:00
431,new,2018-12-18 10:34:22.420000+00:00
432,new,2015-08-14 19:12:18.970000+00:00
433,new,2018-01-30 23:06:35.053000+00:00
434,new,2018-01-22 11:24:58.673000+00:00
435,new,2019-02-07 11:57:23.267000+00:00
436,new,2016-05-09 08:49:30.027000+00:00
437,new,2019-10-16 01:21:06.100000+00:00
438,new,2017-02-09 17:44:59.397000+00:00
439,new,2018-02-24 17:56:24.813000+00:00
440,new,2019-12-05 15:52:44.113000+00:00
441,new,2019-05-27 10:51:43.957000+00:00
442,new,2017-06-22 14:12:36.180000+00:00
443,new,2019-12-12 23:11:47.723000+00:00
444,new,2017-06-20 04:28:02.443000+00:00
445,new,2014-10-17 17:38:33.483000+00:00
446,new,2020-06-04 22:27:28.917000+00:00
447,new,2018-08-22 10:20:10.810000+00:00
448,new,2020-05-26 18:56:04.347000+00:00
449,new,2016-04-11 09:18:56.503000+00:00
450,new,2020-04-16 09:25:40+00:00
451,new,2016-03-04 02:49:28.030000+00:00
452,new,2018-11-05 23:09:22.490000+00:00
453,new,2017-02-17 13:40:25.227000+00:00
454,new,2020-04-30 03:01:43.630000+00:00
455,new,2017-01-30 17:04:22.637000+00:00
456,new,2018-07-11 23:39:03.263000+00:00
457,new,2017-05-03 05:39:43.583000+00:00
458,new,2017-05-14 19:51:45.167000+00:00
459,new,2020-08-12 16:24:40.373000+00:00
460,new,2016-02-29 10:44:02.233000+00:00
461,new,2016-08-31 13:12:36.430000+00:00
462,new,2019-05-17 18:56:27.993000+00:00
463,new,2019-03-21 10:38:23.640000+00:00
464,new,2019-10-28 06:20:21.367000+00:00
465,new,2009-12-21 11:13:24.573000+00:00
466,new,2016-12-26 12:38:02.303000+00:00
467,new,2018-02-20 17:18:51.080000+00:00
468,new,2018-10-01 11:22:14+00:00
469,new,2017-10-17 21:11:36.980000+00:00
470,new,2019-05-22 13:26:42.603000+00:00
471,new,2019-03-25 19:12:46.120000+00:00
472,new,2015-06-08 13:04:55.440000+00:00
473,new,2013-06-25 10:16:09.523000+00:00
474,new,2020-01-06 11:24:28.670000+00:00
475,new,2017-05-30 22:51:32.397000+00:00
476,new,2016-09-16 15:34:34.907000+00:00
477,new,2020-07-12 08:21:02.827000+00:00
478,new,2020-08-25 07:38:27.683000+00:00
479,new,2017-05-09 20:26:47.880000+00:00
480,new,2016-10-01 12:44:09.293000+00:00
481,new,2016-02-11 10:02:37.920000+00:00
482,new,2019-12-12 20:47:03.863000+00:00
483,new,2018-11-20 23:04:51.470000+00:00
484,new,2016-01-31 01:39:47.160000+00:00
485,new,2016-08-14 07:36:24.937000+00:00
486,new,2018-11-22 13:43:26.100000+00:00
487,new,2017-04-06 05:54:57.823000+00:00
488,new,2016-06-17 13:13:23.827000+00:00
489,new,2015-10-22 19:58:12.703000+00:00
490,new,2020-05-15 08:33:41.677000+00:00
491,new,2017-01-13 09:28:31.247000+00:00
492,new,2020-01-22 08:32:09.780000+00:00
493,new,2016-02-19 05:09:24.427000+00:00
494,new,2019-12-30 17:11:45.020000+00:00
495,new,2015-07-29 08:24:08.660000+00:00
496,new,2020-03-30 12:26:12.807000+00:00
497,new,2016-09-27 19:04:27.073000+00:00
498,new,2020-07-24 17:08:20.667000+00:00
499,new,2019-09-18 08:49:43.513000+00:00
500,new,2016-08-01 09:22:51.953000+00:00
501,new,2017-12-13 12:14:27.760000+00:00
502,new,2019-01-13 03:48:58.490000+00:00
503,new,2020-05-11 10:59:25.450000+00:00
504,new,2020-03-17 09:09:15.083000+00:00
505,new,2016-12-30 20:47:07.460000+00:00
506,new,2019-07-06 06:33:18.060000+00:00
507,new,2019-02-12 08:02:33.580000+00:00
508,new,2015-02-18 16:08:55.640000+00:00
509,new,2018-04-01 12:35:05.193000+00:00
510,new,2017-05-11 09:51:26.707000+00:00
511,new,2017-11-26 20:12:19.810000+00:00
512,new,2017-03-04 17:51:50.357000+00:00
513,new,2018-10-02 11:59:39.830000+00:00
514,new,2020-08-18 07:59:01.457000+00:00
515,new,2018-05-19 23:53:40.613000+00:00
516,new,2017-05-31 09:02:59.640000+00:00
517,new,2017-09-08 16:20:29.403000+00:00
518,new,2020-03-26 21:44:21.203000+00:00
519,new,2019-10-22 19:20:48.523000+00:00
520,new,2019-05-08 00:46:27.640000+00:00
521,new,2019-01-24 11:51:55.157000+00:00
522,new,2019-04-24 19:45:33.127000+00:00
523,new,2019-08-26 17:32:15.040000+00:00
524,new,2017-04-12 03:54:21.613000+00:00
525,new,2017-12-20 15:28:22.703000+00:00
526,new,2019-10-18 13:10:30.620000+00:00
527,new,2015-03-15 10:48:37.957000+00:00
528,new,2016-09-16 00:14:09.237000+00:00
529,new,2017-09-05 17:35:38.140000+00:00
530,new,2017-08-18 19:35:51.710000+00:00
531,new,2020-04-14 11:44:58.990000+00:00
532,new,2014-03-15 12:11:34.400000+00:00
533,new,2019-07-24 14:42:44.507000+00:00
534,new,2016-12-29 14:53:53.597000+00:00
535,new,2014-06-12 11:30:46.890000+00:00
536,new,2016-04-04 07:10:35.660000+00:00
537,new,2014-01-01 14:48:23.393000+00:00
538,new,2020-07-15 17:22:45.760000+00:00
539,new,2020-02-08 22:31:25.650000+00:00
540,new,2020-05-04 05:13:59.223000+00:00
541,new,2017-10-30 08:55:40.513000+00:00
542,new,2018-09-13 14:29:47.167000+00:00
543,new,2020-02-25 14:56:31.923000+00:00
544,new,2015-10-15 23:25:30.803000+00:00
545,new,2016-10-29 17:56:54.603000+00:00
546,new,2016-11-02 18:11:18.013000+00:00
547,new,2014-11-27 10:19:27.530000+00:00
548,new,2018-09-28 12:21:02.577000+00:00
549,new,2019-02-26 18:11:50.030000+00:00
550,new,2017-03-28 08:29:26.423000+00:00
551,new,2016-03-07 08:21:55.613000+00:00
552,new,2020-08-20 19:02:10.260000+00:00
553,new,2019-04-24 17:25:13.017000+00:00
554,new,2015-08-25 12:31:31.017000+00:00
555,new,2019-07-28 07:40:18.890000+00:00
556,new,2019-06-10 13:15:33.960000+00:00
557,new,2019-07-17 05:41:53.140000+00:00
558,new,2017-04-14 03:20:30.920000+00:00
559,new,2017-02-02 08:05:17.483000+00:00
560,new,2015-03-03 20:41:46+00:00
561,new,2020-01-29 04:48:42.233000+00:00
562,new,2017-03-24 06:33:47.213000+00:00
563,new,2016-10-19 09:20:07.850000+00:00
564,new,2015-05-06 13:01:11.967000+00:00
565,new,2019-11-10 16:22:31.970000+00:00
566,new,2020-05-28 19:37:36.277000+00:00
567,new,2013-09-03 16:03:13.387000+00:00
568,new,2019-03-18 20:10:48.960000+00:00
569,new,2015-01-22 07:05:38.477000+00:00
570,new,2019-12-05 10:11:06.120000+00:00
571,new,2016-01-05 06:45:51.503000+00:00
572,new,2020-01-16 09:18:24.580000+00:00
573,new,2014-10-07 10:29:18.473000+00:00
574,new,2020-06-19 05:28:38.793000+00:00
575,new,2017-12-22 22:31:35.587000+00:00
576,new,2020-05-07 11:36:27.393000+00:00
577,new,2016-09-26 06:47:42.683000+00:00
578,new,2017-12-28 12:02:37.367000+00:00
579,new,2013-10-31 19:03:56.157000+00:00
580,new,2016-05-16 16:40:50.753000+00:00
581,new,2020-08-24 03:04:22.930000+00:00
582,new,2019-12-10 12:24:58.803000+00:00
583,new,2019-11-26 23:19:15.350000+00:00
584,new,2019-03-06 01:54:56.927000+00:00
585,new,2017-10-30 06:40:43.733000+00:00
586,new,2018-12-23 11:49:01.793000+00:00
587,new,2017-08-18 07:07:49.283000+00:00
588,new,2014-08-14 13:59:07.283000+00:00
589,new,2015-03-24 23:51:13.447000+00:00
590,new,2018-06-20 16:31:10.530000+00:00
591,new,2018-01-26 22:13:16.543000+00:00
592,new,2016-06-22 17:30:23.840000+00:00
593,new,2020-02-07 10:49:39.373000+00:00
594,new,2016-05-23 05:00:59.513000+00:00
595,new,2016-04-30 19:28:00.437000+00:00
596,new,2017-05-04 09:31:04.723000+00:00
597,new,2017-07-28 04:27:23.703000+00:00
598,new,2020-07-20 18:50:34.143000+00:00
599,new,2019-04-26 19:51:10.120000+00:00
600,new,2017-12-16 16:24:43.253000+00:00
601,new,2020-03-20 11:31:05.333000+00:00
602,new,2019-05-22 11:15:50.850000+00:00
603,new,2012-03-19 23:05:47.180000+00:00
604,new,2013-07-11 16:44:07.343000+00:00
605,new,2018-01-16 11:56:26.957000+00:00
606,new,2020-03-10 11:12:31.180000+00:00
607,new,2018-02-22 01:21:56.700000+00:00
608,new,2019-01-07 15:54:28.107000+00:00
609,new,2016-07-06 09:15:08.727000+00:00
610,new,2019-07-26 04:50:57.547000+00:00
611,new,2017-09-04 08:52:01.333000+00:00
612,new,2020-08-27 09:14:25.370000+00:00
613,new,2019-06-10 20:08:43.770000+00:00
614,new,2018-03-19 19:35:59.007000+00:00
615,new,2016-06-23 16:17:49.617000+00:00
616,new,2020-01-01 11:27:30.897000+00:00
617,new,2018-05-31 14:47:17.637000+00:00
618,new,2020-01-06 14:32:01.823000+00:00
619,new,2017-09-15 12:54:54.873000+00:00
620,new,2020-05-24 06:20:53.013000+00:00
621,new,2016-08-18 17:02:04.843000+00:00
622,new,2016-10-13 12:42:45.940000+00:00
623,new,2018-07-31 17:24:36.487000+00:00
624,new,2020-04-14 13:03:33.210000+00:00
625,new,2016-10-28 07:22:15.397000+00:00
626,new,2016-12-18 10:40:33.507000+00:00
627,new,2017-01-27 07:39:51.037000+00:00
628,new,2017-02-03 19:18:17.917000+00:00
629,new,2018-04-26 13:38:51.243000+00:00
630,new,2020-07-02 15:54:33.883000+00:00
631,new,2020-05-20 10:22:55.510000+00:00
632,new,2015-12-01 09:27:31.413000+00:00
633,new,2020-05-31 21:46:05.450000+00:00
634,new,2015-03-27 07:30:44.507000+00:00
635,new,2017-02-07 16:12:03.997000+00:00
636,new,2015-06-18 10:41:07.057000+00:00
637,new,2020-02-07 10:54:29.220000+00:00
638,new,2019-04-12 02:53:57.680000+00:00
639,new,2020-04-16 08:37:08.200000+00:00
640,new,2019-09-10 19:06:23.997000+00:00
641,new,2018-12-19 07:08:50.040000+00:00
642,new,2015-12-17 16:54:56.327000+00:00
643,new,2017-08-29 13:50:58.473000+00:00
644,new,2015-02-13 21:24:02.143000+00:00
645,new,2017-02-16 10:49:23.697000+00:00
646,new,2019-05-08 19:14:54.767000+00:00
647,new,2018-10-26 06:30:14.643000+00:00
648,new,2019-01-10 14:07:39.473000+00:00
649,new,2017-04-24 06:03:28.703000+00:00
650,new,2019-07-16 14:52:57.600000+00:00
651,new,2016-07-11 18:02:23.807000+00:00
652,new,2019-02-01 17:59:32.960000+00:00
653,new,2019-12-23 13:40:05.723000+00:00
654,new,2019-04-18 12:23:54.207000+00:00
655,new,2014-12-10 12:21:51.903000+00:00
656,new,2017-08-28 00:25:19.090000+00:00
657,new,2018-10-27 00:28:34.403000+00:00
658,new,2016-05-27 07:37:51.577000+00:00
659,new,2019-04-18 11:43:59.817000+00:00
660,new,2020-01-24 00:45:52.367000+00:00
661,new,2020-03-26 00:38:27.380000+00:00
662,new,2017-05-02 07:57:51.260000+00:00
663,new,2016-09-18 10:05:57.540000+00:00
664,new,2019-08-25 04:45:03.367000+00:00
665,new,2020-05-09 04:47:16.607000+00:00
666,new,2017-07-13 00:08:49.867000+00:00
667,new,2014-01-18 23:56:56.997000+00:00
668,new,2018-03-13 17:27:14.350000+00:00
669,new,2016-02-26 19:46:27.237000+00:00
670,new,2016-05-13 02:50:47.517000+00:00
671,new,2014-05-03 11:02:45.873000+00:00
672,new,2015-03-04 22:09:00.313000+00:00
673,new,2018-11-26 13:29:07.350000+00:00
674,new,2020-06-16 06:39:04.850000+00:00
675,new,2016-05-17 15:47:42.137000+00:00
676,new,2016-07-21 06:58:06.560000+00:00
677,new,2012-05-23 19:10:30.440000+00:00
678,new,2020-04-16 21:15:23.933000+00:00
679,new,2016-02-07 08:44:04.267000+00:00
680,new,2017-08-31 13:43:22.340000+00:00
681,new,2019-07-17 10:24:15.547000+00:00
682,new,2019-06-17 09:41:18.030000+00:00
683,new,2019-10-17 14:47:20.157000+00:00
684,new,2018-11-08 16:01:37.500000+00:00
685,new,2020-09-01 14:24:47.297000+00:00
686,new,2015-08-06 13:14:38.400000+00:00
687,new,2013-12-06 12:41:21.087000+00:00
688,new,2017-09-22 14:25:06.527000+00:00
689,new,2019-02-11 20:46:00.137000+00:00
690,new,2017-01-03 15:45:56.987000+00:00
691,new,2016-04-24 01:21:06.603000+00:00
692,new,2019-01-11 13:48:12.623000+00:00
693,new,2019-04-10 09:45:38.333000+00:00
694,new,2018-12-26 07:06:05.040000+00:00
695,new,2020-07-01 13:38:36.340000+00:00
696,new,2019-11-14 12:33:27.990000+00:00
697,new,2015-10-08 05:36:12.050000+00:00
698,new,2019-06-12 15:01:47.820000+00:00
699,new,2015-09-14 12:42:11.460000+00:00
700,new,2016-05-20 17:03:17.967000+00:00
701,new,2018-01-10 12:38:16.477000+00:00
702,new,2017-03-06 04:14:16.147000+00:00
703,new,2019-10-17 09:23:54.580000+00:00
704,new,2020-04-17 15:56:21.817000+00:00
705,new,2018-12-07 16:47:56.697000+00:00
706,new,2019-02-25 12:04:55.970000+00:00
707,new,2020-07-12 21:34:17.070000+00:00
708,new,2015-04-04 02:13:03.153000+00:00
709,new,2020-08-11 09:56:10.343000+00:00
710,new,2018-01-29 12:38:40.550000+00:00
711,new,2015-07-21 01:53:23.280000+00:00
712,new,2018-10-22 14:30:07.270000+00:00
713,new,2017-06-30 12:20:59.123000+00:00
714,new,2014-12-16 14:39:54.007000+00:00
715,new,2015-06-05 16:21:36.787000+00:00
716,new,2015-02-12 01:10:07.877000+00:00
717,new,2018-09-06 19:13:04.383000+00:00
718,new,2013-10-17 18:17:54.277000+00:00
719,new,2017-01-20 04:36:09.567000+00:00
720,new,2016-04-25 09:28:55.187000+00:00
721,new,2019-11-08 10:21:34.230000+00:00
722,new,2016-09-29 04:31:06.670000+00:00
723,new,2020-09-01 14:57:05.653000+00:00
724,new,2020-06-03 10:48:53.180000+00:00
725,new,2019-01-23 01:43:52.913000+00:00
726,new,2017-07-22 08:54:30.470000+00:00
727,new,2018-05-23 10:36:27.240000+00:00
728,new,2016-03-14 18:12:51.060000+00:00
729,new,2014-09-05 13:53:08.167000+00:00
730,new,2020-08-17 19:09:13.260000+00:00
731,new,2020-06-07 23:43:58.587000+00:00
732,new,2017-12-12 08:09:31.957000+00:00
733,new,2012-10-02 16:40:45.070000+00:00
734,new,2015-07-28 17:02:20.737000+00:00
735,new,2018-01-04 04:06:09.900000+00:00
736,new,2020-03-11 16:37:49.310000+00:00
737,new,2020-08-11 19:38:44.757000+00:00
738,new,2019-08-16 21:14:22.080000+00:00
739,new,2020-06-16 13:40:26.797000+00:00
740,new,2019-07-22 08:47:39.703000+00:00
741,new,2019-12-12 08:03:40.333000+00:00
742,new,2013-08-02 18:32:07.517000+00:00
743,new,2020-01-20 03:47:38.263000+00:00
744,new,2016-03-01 01:26:54.607000+00:00
745,new,2020-03-15 19:58:00.033000+00:00
746,new,2019-03-11 18:07:07.677000+00:00
747,new,2016-11-16 11:07:33.073000+00:00
748,new,2016-10-12 10:32:51.997000+00:00
749,new,2018-01-09 17:04:17.313000+00:00
750,new,2018-01-23 07:45:17.480000+00:00
751,new,2008-10-24 16:30:58.633000+00:00
752,new,2019-02-26 00:08:11.810000+00:00
753,new,2016-12-20 17:42:29.993000+00:00
754,new,2020-04-02 17:36:15.010000+00:00
755,new,2018-12-28 09:29:55.460000+00:00
756,new,2015-02-20 16:37:50.183000+00:00
757,new,2019-10-11 08:05:13.903000+00:00
758,new,2016-07-08 21:03:45.723000+00:00
759,new,2014-11-14 21:34:36.743000+00:00
760,new,2017-10-14 06:29:40.730000+00:00
761,new,2016-10-20 02:45:16.160000+00:00
762,new,2018-10-26 16:06:26.937000+00:00
763,new,2018-12-04 21:20:09.050000+00:00
764,new,2017-09-25 06:44:28.477000+00:00
765,new,2016-10-29 21:49:00.987000+00:00
766,new,2013-09-07 02:16:47.937000+00:00
767,new,2014-04-19 05:31:56.260000+00:00
768,new,2016-02-17 11:13:07.697000+00:00
769,new,2015-05-07 02:42:48.323000+00:00
770,new,2018-09-14 02:32:56.973000+00:00
771,new,2017-11-13 00:25:56.863000+00:00
772,new,2018-07-08 07:06:04.810000+00:00
773,new,2015-10-23 07:42:13.143000+00:00
774,new,2015-10-02 07:09:20.463000+00:00
775,new,2016-07-12 23:25:59.033000+00:00
776,new,2013-12-19 22:55:15.763000+00:00
777,new,2020-02-18 10:35:13.467000+00:00
778,new,2017-10-09 04:42:48.533000+00:00
779,new,2018-04-13 08:40:24.510000+00:00
780,new,2020-01-14 20:30:16.793000+00:00
781,new,2018-02-21 13:25:25.820000+00:00
782,new,2014-08-06 06:15:09.470000+00:00
783,new,2015-11-10 20:01:54.987000+00:00
784,new,2017-10-30 21:47:18.120000+00:00
785,new,2016-10-07 20:59:11.050000+00:00
786,new,2013-09-25 14:38:25.017000+00:00
787,new,2019-05-14 09:02:37.537000+00:00
788,new,2020-08-18 15:58:36.697000+00:00
789,new,2020-06-06 18:03:50.013000+00:00
790,new,2020-02-25 16:10:19.330000+00:00
791,new,2015-10-07 06:49:48.680000+00:00
792,new,2017-11-14 12:32:13.640000+00:00
793,new,2017-05-15 08:57:46.037000+00:00
794,new,2012-01-15 15:18:26.473000+00:00
795,new,2018-05-18 12:32:12.283000+00:00
796,new,2017-11-04 09:47:47.783000+00:00
797,new,2017-03-15 19:54:55.690000+00:00
798,new,2017-04-11 16:03:03.057000+00:00
799,new,2020-05-20 14:20:42.560000+00:00
800,new,2012-10-02 17:02:41.877000+00:00
801,new,2016-03-23 07:35:13.107000+00:00
802,new,2017-10-11 12:28:27.587000+00:00
803,new,2015-03-10 16:25:57.820000+00:00
804,new,2009-08-03 17:59:25.830000+00:00
805,new,2019-02-11 15:00:07.300000+00:00
806,new,2017-12-24 09:46:56.693000+00:00
807,new,2019-11-12 13:06:56.943000+00:00
808,new,2019-02-19 10:34:11.807000+00:00
809,new,2016-12-16 02:19:02.320000+00:00
810,new,2017-07-15 06:35:10.310000+00:00
811,new,2020-03-03 14:00:59.223000+00:00
812,new,2014-01-15 20:01:52.503000+00:00
813,new,2018-11-27 02:01:02.367000+00:00
814,new,2019-11-24 13:19:58.033000+00:00
815,new,2018-11-17 12:34:46.980000+00:00
816,new,2015-01-14 17:29:20.133000+00:00
817,new,2013-08-22 11:54:49.150000+00:00
818,new,2017-08-12 12:22:31.367000+00:00
819,new,2017-10-30 09:32:19.053000+00:00
820,new,2020-08-20 17:18:00.490000+00:00
821,new,2017-04-02 17:46:47.853000+00:00
822,new,2020-08-17 10:56:50.143000+00:00
823,new,2019-03-14 18:24:01.013000+00:00
824,new,2015-04-28 20:19:19.273000+00:00
825,new,2017-09-12 10:52:35.353000+00:00
826,new,2020-04-16 09:12:24.867000+00:00
827,new,2020-03-23 19:48:33+00:00
828,new,2019-05-03 12:45:13.040000+00:00
829,new,2019-10-24 10:13:06.917000+00:00
830,new,2014-03-28 12:41:44.893000+00:00
831,new,2017-08-08 19:31:38.307000+00:00
832,new,2020-05-15 12:41:26.663000+00:00
833,new,2020-06-17 01:14:41.283000+00:00
834,new,2020-03-26 11:28:57.853000+00:00
835,new,2020-07-15 08:32:33.207000+00:00
836,new,2013-08-01 15:51:50.643000+00:00
837,new,2019-12-02 12:59:54.713000+00:00
838,new,2020-04-20 13:17:48.157000+00:00
839,new,2020-03-09 11:17:46.460000+00:00
840,new,2019-04-23 04:39:39.780000+00:00
841,new,2013-12-18 14:43:05.370000+00:00
842,new,2017-10-04 14:40:41.663000+00:00
843,new,2019-04-04 12:50:16.747000+00:00
844,new,2019-01-02 07:53:21.670000+00:00
845,new,2013-12-05 05:21:31.727000+00:00
846,new,2017-09-26 08:16:52.003000+00:00
847,new,2017-06-18 10:32:06.743000+00:00
848,new,2015-08-25 09:04:09.807000+00:00
849,new,2018-02-06 06:53:59.363000+00:00
850,new,2019-11-21 18:36:45.387000+00:00
851,new,2015-05-18 12:04:29.703000+00:00
852,new,2016-09-26 00:35:09.650000+00:00
853,new,2015-03-25 12:20:18.507000+00:00
854,new,2017-12-14 06:50:19.897000+00:00
855,new,2020-02-07 16:26:44.857000+00:00
856,new,2014-12-18 02:57:57.290000+00:00
857,new,2016-12-28 16:46:17.837000+00:00
858,new,2016-08-25 19:34:43.883000+00:00
859,new,2013-04-05 15:19:13.990000+00:00
860,new,2019-10-08 08:59:37.210000+00:00
861,new,2014-03-13 11:52:34.940000+00:00
862,new,2018-12-24 08:48:45.017000+00:00
863,new,2018-10-03 13:23:45.170000+00:00
864,new,2016-03-07 22:14:26.620000+00:00
865,new,2017-02-25 10:05:39.347000+00:00
866,new,2019-07-12 11:16:26.443000+00:00
867,new,2016-11-26 12:28:36.353000+00:00
868,new,2020-02-25 06:49:13.543000+00:00
869,new,2018-04-07 14:37:13.087000+00:00
870,new,2016-04-21 13:24:38.397000+00:00
871,new,2018-11-24 09:23:50.980000+00:00
872,new,2019-07-17 15:23:37.087000+00:00
873,new,2020-08-26 14:24:45.977000+00:00
874,new,2019-08-26 17:09:34.577000+00:00
875,new,2016-01-18 21:38:43.053000+00:00
876,new,2016-05-30 08:05:23.160000+00:00
877,new,2016-03-15 23:01:41.133000+00:00
878,new,2018-03-21 04:06:51.537000+00:00
879,new,2015-09-20 18:35:24.880000+00:00
880,new,2018-12-07 12:10:15.447000+00:00
881,new,2014-01-10 21:29:22.517000+00:00
882,new,2017-05-10 14:37:49.317000+00:00
883,new,2019-09-23 15:42:25.410000+00:00
884,new,2020-05-26 20:54:19.957000+00:00
885,new,2019-09-23 15:35:29.017000+00:00
886,new,2019-06-25 02:56:42.653000+00:00
887,new,2020-05-01 09:36:51.300000+00:00
888,new,2018-04-18 07:53:05.247000+00:00
889,new,2016-04-08 13:47:31.303000+00:00
890,new,2015-06-29 05:19:43.137000+00:00
891,new,2012-05-04 05:33:51.873000+00:00
892,new,2017-12-22 16:38:29.283000+00:00
893,new,2017-01-04 15:33:28.693000+00:00
894,new,2018-09-25 18:48:05.847000+00:00
895,new,2019-06-03 13:10:20.097000+00:00
896,new,2018-06-22 14:46:47.467000+00:00
897,new,2017-02-13 15:59:02.270000+00:00
898,new,2017-11-11 09:50:52.030000+00:00
899,new,2015-09-30 07:19:02.287000+00:00
900,new,2019-06-29 13:58:15.960000+00:00
901,new,2018-09-09 20:11:28.983000+00:00
902,new,2015-11-13 07:44:04.207000+00:00
903,new,2016-03-23 16:45:15.200000+00:00
904,new,2015-09-26 21:24:35.663000+00:00
905,new,2020-04-03 22:06:23.067000+00:00
906,new,2017-01-30 05:49:19.760000+00:00
907,new,2015-03-19 11:55:00.520000+00:00
908,new,2015-11-01 21:09:24.113000+00:00
909,new,2016-03-12 07:20:55.473000+00:00
910,new,2018-05-17 12:19:59.073000+00:00
911,new,2016-04-28 09:59:53.753000+00:00
912,new,2013-10-06 18:02:25.727000+00:00
913,new,2017-06-22 20:55:45.960000+00:00
914,new,2018-01-05 18:51:00.317000+00:00
915,new,2016-07-14 09:34:38.440000+00:00
916,new,2019-10-29 09:25:13.650000+00:00
917,new,2017-04-28 03:24:53.177000+00:00
918,new,2016-06-02 11:34:28.710000+00:00
919,new,2017-10-08 13:18:56.857000+00:00
920,new,2017-03-13 09:10:42.243000+00:00
921,new,2015-05-26 19:26:15.507000+00:00
922,new,2018-04-25 11:44:45.600000+00:00
923,new,2020-08-16 01:30:07.897000+00:00
924,new,2018-01-30 16:15:45.197000+00:00
925,new,2016-03-09 16:23:33.287000+00:00
926,new,2017-10-30 15:36:14.697000+00:00
927,new,2018-10-15 08:12:19.433000+00:00
928,new,2019-09-05 06:39:57.437000+00:00
929,new,2015-08-19 14:52:38.490000+00:00
930,new,2017-07-11 12:07:01.860000+00:00
931,new,2017-03-07 04:54:03.553000+00:00
932,new,2017-01-03 10:52:28.360000+00:00
933,new,2020-05-05 17:12:07.057000+00:00
934,new,2018-04-11 07:49:56.400000+00:00
935,new,2018-02-26 10:14:47.017000+00:00
936,new,2017-09-02 20:18:06.840000+00:00
937,new,2015-07-09 09:01:39.570000+00:00
938,new,2019-03-11 23:30:55.590000+00:00
939,new,2018-06-19 07:13:52.887000+00:00
940,new,2015-06-09 05:41:41.737000+00:00
941,new,2020-04-04 11:50:32.323000+00:00
942,new,2017-06-03 04:08:37.813000+00:00
943,new,2019-05-13 12:45:05.017000+00:00
944,new,2014-07-22 10:36:55.397000+00:00
945,new,2020-05-12 16:56:03.970000+00:00
946,new,2017-08-02 14:58:35.500000+00:00
947,new,2018-01-11 05:48:22.323000+00:00
948,new,2020-04-07 20:55:47.183000+00:00
949,new,2020-04-09 02:05:37.533000+00:00
950,new,2019-10-12 17:33:50.427000+00:00
951,new,2017-03-16 10:39:58.980000+00:00
952,new,2019-05-11 08:29:00.027000+00:00
953,new,2016-11-26 09:03:30.023000+00:00
954,new,2020-07-20 21:37:01.987000+00:00
955,new,2018-06-22 19:05:54.023000+00:00
956,new,2013-06-24 14:32:06.503000+00:00
957,new,2014-10-06 05:18:31.057000+00:00
958,new,2017-09-20 16:39:23.833000+00:00
959,new,2016-08-12 13:57:23.820000+00:00
960,new,2016-12-20 18:43:59.747000+00:00
961,new,2018-01-08 17:01:02.613000+00:00
962,new,2015-03-28 11:03:36.143000+00:00
963,new,2020-03-16 04:20:15.813000+00:00
964,new,2018-10-23 17:06:55.920000+00:00
965,new,2018-10-16 18:08:07.550000+00:00
966,new,2015-04-01 05:24:08.713000+00:00
967,new,2018-12-28 13:55:36.817000+00:00
968,new,2017-01-06 23:58:09.383000+00:00
969,new,2017-07-21 22:22:28.120000+00:00
970,new,2016-12-09 20:50:55.710000+00:00
971,new,2015-10-12 06:27:22.890000+00:00
972,new,2014-11-10 22:26:07.433000+00:00
973,new,2019-03-13 17:27:59.707000+00:00
974,new,2018-11-12 09:01:05.737000+00:00
975,new,2017-07-07 04:30:58.700000+00:00
976,new,2018-11-17 06:01:10.023000+00:00
977,new,2020-09-04 12:25:51.143000+00:00
978,new,2017-06-16 19:19:11.900000+00:00
979,new,2020-02-11 03:30:59.207000+00:00
980,new,2016-06-01 15:29:35.483000+00:00
981,new,2018-04-11 18:39:50.867000+00:00
982,new,2017-03-22 10:32:28.670000+00:00
983,new,2019-03-18 16:39:18.017000+00:00
984,new,2020-06-01 18:16:47.623000+00:00
985,new,2016-08-25 20:09:59.820000+00:00
986,new,2017-07-05 19:39:47.157000+00:00
987,new,2017-02-16 10:06:21.097000+00:00
988,new,2020-08-12 15:03:06.780000+00:00
989,new,2017-09-16 00:29:42.427000+00:00
990,new,2014-03-06 13:18:46.257000+00:00
991,new,2018-05-15 18:23:31.623000+00:00
992,new,2020-04-08 13:18:41.730000+00:00
993,new,2017-03-06 20:01:37.100000+00:00
994,new,2018-07-24 21:45:33.517000+00:00
995,new,2013-10-05 08:06:23.020000+00:00
996,new,2017-01-13 14:41:11.223000+00:00
997,new,2015-08-23 23:24:21.007000+00:00
998,new,2016-10-24 07:02:58.357000+00:00
999,new,2018-08-22 23:28:28.717000+00:00
0,old,2019-04-16 05:11:55.350000+00:00
1,old,2013-12-28 03:33:43.107000+00:00
2,old,2011-09-06 10:41:45.230000+00:00
3,old,2013-12-30 12:16:20.527000+00:00
4,old,2017-02-23 14:00:50.457000+00:00
5,old,2014-12-15 13:37:33.660000+00:00
6,old,2019-07-25 14:09:03.843000+00:00
7,old,2015-08-12 11:02:07.550000+00:00
8,old,2018-11-12 19:58:47.373000+00:00
9,old,2018-07-26 19:06:11.810000+00:00
10,old,2017-09-07 16:16:58.813000+00:00
11,old,2016-03-11 15:30:06.503000+00:00
12,old,2015-12-17 10:20:03.667000+00:00
13,old,2012-07-03 19:43:47.390000+00:00
14,old,2018-05-21 07:54:42.773000+00:00
15,old,2014-02-11 02:45:24.070000+00:00
16,old,2020-07-27 18:00:30.810000+00:00
17,old,2018-10-17 11:32:40.103000+00:00
18,old,2015-08-08 07:10:20.957000+00:00
19,old,2015-11-16 11:05:18.987000+00:00
20,old,2011-05-31 11:02:59.480000+00:00
21,old,2016-04-21 15:15:45.710000+00:00
22,old,2016-05-18 03:08:42.607000+00:00
23,old,2011-02-21 16:00:02.713000+00:00
24,old,2020-04-27 15:25:35.593000+00:00
25,old,2019-01-18 15:51:59.783000+00:00
26,old,2014-01-29 23:21:32.840000+00:00
27,old,2017-09-26 03:16:44.930000+00:00
28,old,2017-01-15 19:38:15.740000+00:00
29,old,2012-02-22 00:18:45.200000+00:00
30,old,2017-01-30 21:53:24.200000+00:00
31,old,2011-01-05 04:11:34.413000+00:00
32,old,2015-11-27 14:21:36.607000+00:00
33,old,2011-10-10 16:00:37.447000+00:00
34,old,2019-07-08 16:02:29.133000+00:00
35,old,2020-06-16 22:45:12.833000+00:00
36,old,2011-11-09 05:06:13.887000+00:00
37,old,2016-02-26 01:48:40.133000+00:00
38,old,2014-06-17 07:26:06.990000+00:00
39,old,2011-12-17 09:32:33.950000+00:00
40,old,2012-06-26 12:49:01.177000+00:00
41,old,2012-10-18 18:56:14.670000+00:00
42,old,2015-06-25 11:34:47.607000+00:00
43,old,2012-02-15 20:27:54.317000+00:00
44,old,2020-02-05 16:45:34.800000+00:00
45,old,2011-03-09 04:32:56.973000+00:00
46,old,2017-10-30 00:56:37.193000+00:00
47,old,2012-04-04 16:55:53.190000+00:00
48,old,2017-07-06 14:41:38.803000+00:00
49,old,2018-09-07 06:41:14.697000+00:00
50,old,2014-01-13 18:08:49.707000+00:00
51,old,2020-01-16 11:17:57.667000+00:00
52,old,2019-10-17 21:33:31.987000+00:00
53,old,2014-07-15 08:53:07.323000+00:00
54,old,2011-01-15 05:06:26.413000+00:00
55,old,2012-03-27 18:20:16.430000+00:00
56,old,2016-07-14 17:12:57.433000+00:00
57,old,2018-02-22 14:33:48.690000+00:00
58,old,2010-06-29 01:22:43.250000+00:00
59,old,2019-03-05 13:12:41.317000+00:00
60,old,2015-09-30 10:28:42.907000+00:00
61,old,2019-09-20 23:42:46.270000+00:00
62,old,2018-01-30 03:28:38.503000+00:00
63,old,2014-02-25 04:57:16.230000+00:00
64,old,2010-08-24 15:20:55.830000+00:00
65,old,2015-07-06 16:59:26.360000+00:00
66,old,2012-08-28 10:51:09.860000+00:00
67,old,2019-11-19 13:54:58.303000+00:00
68,old,2014-01-26 22:16:09.787000+00:00
69,old,2017-01-28 05:42:58.520000+00:00
70,old,2017-06-25 22:54:35.553000+00:00
71,old,2015-08-01 12:15:01.377000+00:00
72,old,2016-02-24 06:29:47.107000+00:00
73,old,2017-02-25 19:01:50.170000+00:00
74,old,2016-06-06 17:40:00.153000+00:00
75,old,2016-10-27 09:04:34.850000+00:00
76,old,2014-11-07 13:05:59.980000+00:00
77,old,2008-12-29 16:27:08.777000+00:00
78,old,2012-04-04 10:25:45.357000+00:00
79,old,2015-09-08 18:54:15.393000+00:00
80,old,2015-06-21 07:55:34.607000+00:00
81,old,2013-07-02 23:52:39.433000+00:00
82,old,2016-10-26 12:12:48.777000+00:00
83,old,2017-02-20 16:56:06.817000+00:00
84,old,2015-02-02 04:08:06.903000+00:00
85,old,2018-03-27 00:34:53+00:00
86,old,2019-07-21 18:24:41.813000+00:00
87,old,2014-10-08 19:43:36.920000+00:00
88,old,2012-06-16 17:59:04.740000+00:00
89,old,2011-08-19 10:35:36.607000+00:00
90,old,2010-07-18 18:14:00.197000+00:00
91,old,2016-03-23 12:20:49.310000+00:00
92,old,2020-08-19 04:13:05.533000+00:00
93,old,2016-12-10 07:56:44.737000+00:00
94,old,2013-09-12 06:39:22.573000+00:00
95,old,2015-01-29 13:59:28.027000+00:00
96,old,2017-08-30 10:54:30.440000+00:00
97,old,2018-02-02 23:12:55.870000+00:00
98,old,2018-08-26 17:18:16.823000+00:00
99,old,2011-11-28 12:55:05.887000+00:00
100,old,2017-02-17 06:45:50.567000+00:00
101,old,2013-10-31 08:38:36.167000+00:00
102,old,2012-08-20 13:38:42.093000+00:00
103,old,2018-12-06 12:16:31.287000+00:00
104,old,2016-02-01 17:47:17.357000+00:00
105,old,2016-10-04 18:49:41.033000+00:00
106,old,2013-10-15 06:58:43.313000+00:00
107,old,2013-09-07 01:50:19.583000+00:00
108,old,2018-05-03 17:12:51.727000+00:00
109,old,2017-02-07 18:21:34.627000+00:00
110,old,2013-09-06 04:28:24.723000+00:00
111,old,2017-11-17 02:13:12.360000+00:00
112,old,2014-02-20 12:20:47.140000+00:00
113,old,2012-10-04 21:22:27.030000+00:00
114,old,2014-07-24 06:45:36.013000+00:00
115,old,2017-08-07 04:18:31.457000+00:00
116,old,2012-10-14 20:32:44.010000+00:00
117,old,2019-07-18 21:36:37.083000+00:00
118,old,2013-02-07 21:58:57.890000+00:00
119,old,2019-11-15 17:37:49.323000+00:00
120,old,2014-06-02 23:08:24.263000+00:00
121,old,2012-05-16 11:10:59.480000+00:00
122,old,2012-05-14 12:47:58.650000+00:00
123,old,2020-03-04 09:40:02.900000+00:00
124,old,2011-10-21 11:37:00.697000+00:00
125,old,2017-07-18 14:26:06.263000+00:00
126,old,2013-09-24 19:14:45.980000+00:00
127,old,2011-05-05 08:57:12.593000+00:00
128,old,2013-03-28 08:46:06.243000+00:00
129,old,2013-06-22 16:13:14.720000+00:00
130,old,2011-09-21 02:27:44.457000+00:00
131,old,2015-03-18 15:18:41.900000+00:00
132,old,2015-08-09 19:55:44.303000+00:00
133,old,2009-09-20 18:15:28.700000+00:00
134,old,2018-01-29 01:20:22.897000+00:00
135,old,2012-08-09 07:13:26.977000+00:00
136,old,2014-11-30 08:05:16.787000+00:00
137,old,2016-02-21 04:10:33.100000+00:00
138,old,2014-03-25 09:28:57.717000+00:00
139,old,2013-10-30 05:36:10.597000+00:00
140,old,2014-07-08 10:43:17.673000+00:00
141,old,2012-02-23 05:42:00.600000+00:00
142,old,2010-10-24 19:45:53.450000+00:00
143,old,2017-02-01 21:20:16.667000+00:00
144,old,2015-09-02 02:06:48.713000+00:00
145,old,2020-05-06 00:45:02.527000+00:00
146,old,2015-08-08 11:49:14.860000+00:00
147,old,2014-01-24 14:37:05.143000+00:00
148,old,2020-04-29 10:37:27.417000+00:00
149,old,2016-02-22 09:03:55.957000+00:00
150,old,2010-02-25 17:19:05.917000+00:00
151,old,2016-04-21 16:03:54.430000+00:00
152,old,2015-05-27 04:52:19.937000+00:00
153,old,2015-02-23 06:01:35.340000+00:00
154,old,2013-11-13 08:13:05.123000+00:00
155,old,2016-05-21 18:56:40.803000+00:00
156,old,2015-07-08 00:50:42.640000+00:00
157,old,2014-03-25 13:11:43.427000+00:00
158,old,2013-11-29 00:29:20.483000+00:00
159,old,2018-07-02 06:21:05.523000+00:00
160,old,2014-11-17 13:56:16.700000+00:00
161,old,2014-07-20 15:40:29.900000+00:00
162,old,2015-12-23 23:50:13.340000+00:00
163,old,2019-10-31 16:27:30.497000+00:00
164,old,2014-01-31 11:33:44.260000+00:00
165,old,2018-12-10 04:47:19.043000+00:00
166,old,2016-03-07 09:50:25.163000+00:00
167,old,2017-07-25 22:03:32.843000+00:00
168,old,2020-03-31 03:14:57.660000+00:00
169,old,2013-05-08 13:23:25.970000+00:00
170,old,2019-07-10 03:40:46.220000+00:00
171,old,2019-04-23 17:34:27.347000+00:00
172,old,2018-02-01 22:41:05.237000+00:00
173,old,2013-10-14 19:27:55.943000+00:00
174,old,2012-07-22 17:50:36.767000+00:00
175,old,2018-06-08 15:27:46.973000+00:00
176,old,2011-09-08 20:15:08.747000+00:00
177,old,2013-04-17 18:04:20.990000+00:00
178,old,2011-10-05 22:47:10.690000+00:00
179,old,2013-07-19 16:48:55.073000+00:00
180,old,2014-10-06 05:59:23.937000+00:00
181,old,2015-08-28 02:07:35.600000+00:00
182,old,2016-06-16 19:09:43.357000+00:00
183,old,2015-08-09 13:26:05.740000+00:00
184,old,2012-01-25 16:49:13.847000+00:00
185,old,2016-02-03 14:16:06.090000+00:00
186,old,2020-05-28 10:15:44.430000+00:00
187,old,2012-10-09 14:10:19.527000+00:00
188,old,2013-10-25 12:07:50.947000+00:00
189,old,2018-05-19 04:55:04.480000+00:00
190,old,2019-07-23 07:47:10.350000+00:00
191,old,2018-02-27 09:27:37.627000+00:00
192,old,2012-09-08 16:22:34.280000+00:00
193,old,2014-05-05 23:11:34.147000+00:00
194,old,2015-06-03 09:40:15.230000+00:00
195,old,2012-05-17 02:55:30.040000+00:00
196,old,2011-05-06 16:22:42.347000+00:00
197,old,2010-02-13 05:01:47.400000+00:00
198,old,2016-02-12 17:31:39.543000+00:00
199,old,2017-04-21 18:13:48.480000+00:00
200,old,2017-03-12 15:45:50.973000+00:00
201,old,2014-04-16 12:11:17.280000+00:00
202,old,2018-05-18 17:28:44.453000+00:00
203,old,2011-10-14 22:32:29.197000+00:00
204,old,2010-06-05 00:29:21.117000+00:00
205,old,2017-02-09 13:45:13.027000+00:00
206,old,2012-07-09 04:32:33.320000+00:00
207,old,2020-03-29 20:38:42.233000+00:00
208,old,2015-04-27 10:31:36.653000+00:00
209,old,2016-06-23 13:13:46.830000+00:00
210,old,2013-08-27 18:20:37.330000+00:00
211,old,2017-05-31 13:05:09.427000+00:00
212,old,2014-11-07 13:06:40.653000+00:00
213,old,2013-07-19 19:41:48.743000+00:00
214,old,2019-12-13 12:43:05.753000+00:00
215,old,2019-03-31 04:01:58.367000+00:00
216,old,2018-09-17 14:52:16.053000+00:00
217,old,2014-10-13 11:42:18.887000+00:00
218,old,2015-10-01 02:51:27+00:00
219,old,2017-11-24 09:24:14.733000+00:00
220,old,2010-11-12 02:42:59.447000+00:00
221,old,2020-04-24 20:30:39.443000+00:00
222,old,2012-11-08 01:00:08.930000+00:00
223,old,2019-09-12 19:43:32.790000+00:00
224,old,2012-10-25 15:15:36.923000+00:00
225,old,2013-04-04 05:15:42.987000+00:00
226,old,2020-08-28 14:49:34.507000+00:00
227,old,2016-12-20 21:21:43.323000+00:00
228,old,2019-04-28 12:22:03.223000+00:00
229,old,2015-03-18 22:10:37.493000+00:00
230,old,2020-02-26 20:49:56.943000+00:00
231,old,2015-12-18 08:55:42.433000+00:00
232,old,2016-12-28 06:24:56.017000+00:00
233,old,2011-06-21 12:38:13.653000+00:00
234,old,2013-07-08 18:44:04.377000+00:00
235,old,2014-10-02 17:04:57.020000+00:00
236,old,2011-02-09 17:05:33.230000+00:00
237,old,2014-12-18 12:50:43.113000+00:00
238,old,2019-09-18 19:28:13.757000+00:00
239,old,2013-11-13 07:42:08.603000+00:00
240,old,2016-05-24 08:27:46.680000+00:00
241,old,2015-04-07 23:34:51.453000+00:00
242,old,2019-07-24 20:45:06.560000+00:00
243,old,2017-03-03 07:13:22.347000+00:00
244,old,2013-06-15 16:27:26.850000+00:00
245,old,2010-04-16 12:21:35.627000+00:00
246,old,2015-01-15 21:10:16.570000+00:00
247,old,2015-05-11 20:55:43.627000+00:00
248,old,2020-08-20 16:45:36.337000+00:00
249,old,2017-03-22 07:33:07.693000+00:00
250,old,2013-04-29 20:48:19.287000+00:00
251,old,2015-08-17 16:40:59.613000+00:00
252,old,2018-04-28 02:23:57.630000+00:00
253,old,2017-10-31 06:12:47.197000+00:00
254,old,2019-05-03 23:57:18.793000+00:00
255,old,2018-09-11 13:12:15.333000+00:00
256,old,2009-08-31 09:12:29.693000+00:00
257,old,2009-07-15 17:00:57.680000+00:00
258,old,2015-04-08 04:44:33.503000+00:00
259,old,2014-07-24 23:19:51.290000+00:00
260,old,2013-07-18 18:19:51.633000+00:00
261,old,2013-11-23 14:45:38.863000+00:00
262,old,2018-08-27 17:33:32.987000+00:00
263,old,2017-07-14 18:01:49.033000+00:00
264,old,2011-09-15 13:30:54.867000+00:00
265,old,2020-05-04 10:01:10.267000+00:00
266,old,2014-01-08 15:52:26.923000+00:00
267,old,2019-06-25 15:20:08.147000+00:00
268,old,2020-04-14 20:50:08.853000+00:00
269,old,2019-05-23 20:35:17.520000+00:00
270,old,2014-01-28 19:19:38.663000+00:00
271,old,2018-07-07 12:48:11.307000+00:00
272,old,2012-07-13 16:15:55.207000+00:00
273,old,2017-08-11 16:03:07.877000+00:00
274,old,2019-04-15 11:10:36.347000+00:00
275,old,2012-11-01 06:39:16.893000+00:00
276,old,2011-11-16 18:57:23.890000+00:00
277,old,2018-05-12 13:01:50.430000+00:00
278,old,2017-09-26 10:06:14.817000+00:00
279,old,2014-10-05 08:03:40.767000+00:00
280,old,2020-01-07 04:46:27.887000+00:00
281,old,2019-06-04 04:11:51.363000+00:00
282,old,2012-05-03 13:53:35.223000+00:00
283,old,2015-08-26 13:34:27.207000+00:00
284,old,2019-05-15 17:39:59.490000+00:00
285,old,2013-07-05 09:36:16.083000+00:00
286,old,2019-03-09 10:36:29.687000+00:00
287,old,2014-02-25 19:18:49.360000+00:00
288,old,2010-02-11 13:34:19.210000+00:00
289,old,2016-02-01 10:55:45.770000+00:00
290,old,2016-08-08 05:20:33.420000+00:00
291,old,2019-05-24 07:59:08.213000+00:00
292,old,2018-12-11 15:08:57.570000+00:00
293,old,2016-08-27 09:59:38.143000+00:00
294,old,2019-07-05 00:31:56.397000+00:00
295,old,2013-05-29 09:38:43.863000+00:00
296,old,2016-05-22 15:01:14.810000+00:00
297,old,2015-09-09 11:33:21.590000+00:00
298,old,2014-05-21 19:27:38.687000+00:00
299,old,2014-05-18 14:01:46.547000+00:00
300,old,2010-10-20 11:09:47.083000+00:00
301,old,2019-10-29 17:04:28.910000+00:00
302,old,2018-04-30 12:36:40.887000+00:00
303,old,2012-06-18 10:40:23.180000+00:00
304,old,2010-07-09 15:14:12.147000+00:00
305,old,2013-04-01 08:48:38.790000+00:00
306,old,2018-07-13 20:30:34.293000+00:00
307,old,2012-02-27 12:04:30.467000+00:00
308,old,2018-07-09 12:16:22.993000+00:00
309,old,2016-10-24 16:29:30.823000+00:00
310,old,2014-10-07 06:49:39.227000+00:00
311,old,2016-05-07 18:26:26.430000+00:00
312,old,2013-10-30 14:07:08.077000+00:00
313,old,2013-02-06 00:53:28.080000+00:00
314,old,2019-07-31 17:05:25.977000+00:00
315,old,2013-10-30 11:33:44.313000+00:00
316,old,2014-07-04 10:01:19.763000+00:00
317,old,2017-05-10 12:32:30.910000+00:00
318,old,2014-05-25 07:14:59.490000+00:00
319,old,2017-09-07 18:57:35.673000+00:00
320,old,2016-02-04 21:05:59.217000+00:00
321,old,2011-10-18 16:53:48.923000+00:00
322,old,2014-08-26 04:09:15.730000+00:00
323,old,2018-08-07 15:41:23.060000+00:00
324,old,2016-02-27 18:27:39.627000+00:00
325,old,2011-11-14 07:55:59.930000+00:00
326,old,2016-12-02 20:58:41.033000+00:00
327,old,2016-03-25 13:35:17.520000+00:00
328,old,2011-08-31 18:32:39.617000+00:00
329,old,2018-04-19 15:55:06.190000+00:00
330,old,2012-10-02 12:16:27.567000+00:00
331,old,2018-12-01 07:37:04.197000+00:00
332,old,2014-01-02 18:30:54.433000+00:00
333,old,2014-03-13 18:45:55.257000+00:00
334,old,2014-05-20 16:45:29.183000+00:00
335,old,2018-05-21 16:56:44.193000+00:00
336,old,2016-03-04 20:40:45.940000+00:00
337,old,2015-09-28 06:59:52.117000+00:00
338,old,2012-06-15 14:37:45.353000+00:00
339,old,2020-07-29 11:40:56.297000+00:00
340,old,2019-09-09 12:36:26.507000+00:00
341,old,2019-03-18 22:51:59.237000+00:00
342,old,2017-05-18 08:32:15.827000+00:00
343,old,2015-12-03 07:02:41.023000+00:00
344,old,2018-12-14 15:25:56.450000+00:00
345,old,2018-11-16 16:27:18.720000+00:00
346,old,2015-07-06 14:24:52.190000+00:00
347,old,2011-01-28 01:21:41+00:00
348,old,2020-03-08 13:25:12.667000+00:00
349,old,2019-06-26 12:38:28.223000+00:00
350,old,2017-08-23 11:07:36.657000+00:00
351,old,2013-12-18 10:38:59.890000+00:00
352,old,2020-08-30 15:19:27.823000+00:00
353,old,2013-04-01 21:36:26.827000+00:00
354,old,2012-02-14 15:46:07.603000+00:00
355,old,2014-01-22 23:44:46.837000+00:00
356,old,2015-03-09 03:32:46.597000+00:00
357,old,2017-02-20 13:19:32.547000+00:00
358,old,2016-12-06 00:20:46.817000+00:00
359,old,2018-01-14 01:48:07.597000+00:00
360,old,2014-12-19 04:06:43.587000+00:00
361,old,2019-10-02 14:15:55.030000+00:00
362,old,2016-06-22 09:50:31.417000+00:00
363,old,2016-09-24 16:48:26.177000+00:00
364,old,2011-12-10 15:26:56.290000+00:00
365,old,2016-11-07 21:40:41.290000+00:00
366,old,2018-04-28 16:05:48.793000+00:00
367,old,2018-01-05 13:55:02.223000+00:00
368,old,2020-04-26 12:45:55.273000+00:00
369,old,2016-06-02 13:00:20.943000+00:00
370,old,2019-10-31 20:42:18.727000+00:00
371,old,2014-03-27 10:26:11.390000+00:00
372,old,2014-08-23 03:39:59.660000+00:00
373,old,2016-06-06 05:58:19.710000+00:00
374,old,2014-04-12 06:49:42.730000+00:00
375,old,2014-07-24 04:20:31.450000+00:00
376,old,2019-09-11 15:30:26.880000+00:00
377,old,2016-10-06 07:21:35.323000+00:00
378,old,2015-09-08 22:43:29.750000+00:00
379,old,2013-04-14 21:22:08.647000+00:00
380,old,2020-02-14 16:26:05.340000+00:00
381,old,2011-06-22 16:47:59.307000+00:00
382,old,2015-07-22 12:13:31.373000+00:00
383,old,2012-11-26 05:59:46.123000+00:00
384,old,2011-10-26 22:39:36.813000+00:00
385,old,2017-06-09 23:22:11.757000+00:00
386,old,2014-12-23 08:47:12.777000+00:00
387,old,2017-03-12 09:05:34.073000+00:00
388,old,2016-08-19 22:20:55.137000+00:00
389,old,2012-05-11 15:13:38.013000+00:00
390,old,2012-03-31 14:04:23.050000+00:00
391,old,2016-02-15 11:14:23.603000+00:00
392,old,2011-02-27 17:09:36.263000+00:00
393,old,2020-03-15 18:05:36.617000+00:00
394,old,2018-02-21 11:26:14.327000+00:00
395,old,2012-11-07 00:21:18.440000+00:00
396,old,2015-06-29 10:10:56.603000+00:00
397,old,2010-08-09 22:15:41.317000+00:00
398,old,2019-04-15 23:28:41.943000+00:00
399,old,2015-07-27 14:54:27.280000+00:00
400,old,2016-07-15 10:42:02.207000+00:00
401,old,2019-01-21 14:45:42.680000+00:00
402,old,2019-03-20 23:39:34.830000+00:00
403,old,2017-10-02 04:09:18.500000+00:00
404,old,2016-01-09 14:41:02.653000+00:00
405,old,2018-09-18 10:09:51.603000+00:00
406,old,2015-07-15 17:11:49.400000+00:00
407,old,2012-09-15 02:30:57.607000+00:00
408,old,2015-10-25 13:28:32.750000+00:00
409,old,2013-06-15 21:53:58.807000+00:00
410,old,2017-09-20 15:02:59.540000+00:00
411,old,2013-03-21 10:27:39.767000+00:00
412,old,2015-01-08 14:43:09.337000+00:00
413,old,2020-07-07 09:27:37.720000+00:00
414,old,2013-08-25 07:46:58.077000+00:00
415,old,2015-11-18 13:41:23.493000+00:00
416,old,2013-11-29 08:02:03.487000+00:00
417,old,2020-03-30 14:01:42.020000+00:00
418,old,2017-05-26 15:34:01.190000+00:00
419,old,2015-02-23 23:22:20.347000+00:00
420,old,2018-02-22 22:39:58.800000+00:00
421,old,2011-11-16 21:50:50.270000+00:00
422,old,2015-08-06 17:10:11.413000+00:00
423,old,2019-01-19 07:05:08.683000+00:00
424,old,2019-11-08 12:55:52.853000+00:00
425,old,2020-09-03 09:28:54.977000+00:00
426,old,2010-07-30 13:55:59.487000+00:00
427,old,2015-12-09 07:05:33.617000+00:00
428,old,2014-08-11 18:12:49.980000+00:00
429,old,2014-10-07 16:23:15.727000+00:00
430,old,2012-07-12 17:50:47.353000+00:00
431,old,2013-11-01 20:25:52.197000+00:00
432,old,2014-03-12 10:12:49.187000+00:00
433,old,2011-03-04 12:10:11+00:00
434,old,2018-03-29 11:12:49.380000+00:00
435,old,2013-10-01 14:16:00.417000+00:00
436,old,2016-11-01 21:23:34.160000+00:00
437,old,2020-05-28 10:08:54.567000+00:00
438,old,2013-09-20 13:41:32.043000+00:00
439,old,2015-12-31 08:33:25.580000+00:00
440,old,2013-06-22 23:05:00.223000+00:00
441,old,2019-04-25 10:31:20.553000+00:00
442,old,2010-04-21 15:24:22.200000+00:00
443,old,2015-07-14 15:23:19.490000+00:00
444,old,2012-02-08 16:38:10.437000+00:00
445,old,2017-05-25 12:33:26.157000+00:00
446,old,2017-07-25 07:48:06.943000+00:00
447,old,2011-07-10 00:21:38.130000+00:00
448,old,2015-05-21 08:04:57.707000+00:00
449,old,2011-09-05 19:06:52.073000+00:00
450,old,2017-02-07 10:51:29.057000+00:00
451,old,2016-12-18 14:46:46.880000+00:00
452,old,2016-08-30 07:30:45.607000+00:00
453,old,2017-07-19 17:16:14.833000+00:00
454,old,2018-06-01 18:49:07.623000+00:00
455,old,2020-07-15 08:07:36.137000+00:00
456,old,2010-04-20 21:54:15.147000+00:00
457,old,2013-06-11 11:33:41.260000+00:00
458,old,2017-10-30 13:07:30.370000+00:00
459,old,2014-05-08 05:46:10.783000+00:00
460,old,2012-07-12 02:42:37.510000+00:00
461,old,2010-02-13 12:51:03.820000+00:00
462,old,2016-05-22 15:55:11.710000+00:00
463,old,2017-02-09 19:24:54.457000+00:00
464,old,2015-02-19 13:44:05.323000+00:00
465,old,2018-05-20 13:07:35.900000+00:00
466,old,2019-05-04 04:42:25.393000+00:00
467,old,2014-10-07 22:18:27.927000+00:00
468,old,2015-01-20 20:42:27.607000+00:00
469,old,2008-10-13 09:36:19.927000+00:00
470,old,2012-12-01 18:45:43.250000+00:00
471,old,2017-11-02 10:42:27.913000+00:00
472,old,2011-10-24 14:08:49.360000+00:00
473,old,2015-06-26 16:46:03.190000+00:00
474,old,2016-04-01 10:27:58.833000+00:00
475,old,2020-08-27 18:54:04.830000+00:00
476,old,2018-01-16 15:30:12.517000+00:00
477,old,2020-02-01 18:36:40.297000+00:00
478,old,2015-07-30 04:36:14.907000+00:00
479,old,2018-09-26 05:09:04.400000+00:00
480,old,2015-08-04 03:59:58+00:00
481,old,2015-11-01 23:07:40.010000+00:00
482,old,2013-08-02 14:36:07.203000+00:00
483,old,2018-10-15 16:56:31.400000+00:00
484,old,2016-09-05 04:03:33.450000+00:00
485,old,2016-03-31 14:53:11.587000+00:00
486,old,2014-01-28 00:26:28.243000+00:00
487,old,2017-11-09 08:00:58.077000+00:00
488,old,2020-01-19 08:33:50.117000+00:00
489,old,2016-10-26 17:57:08.210000+00:00
490,old,2013-11-23 15:10:07.787000+00:00
491,old,2017-08-02 08:16:12.313000+00:00
492,old,2019-10-04 23:25:59.120000+00:00
493,old,2013-08-25 02:53:48.260000+00:00
494,old,2015-01-03 20:20:46.813000+00:00
495,old,2016-11-04 11:32:45.603000+00:00
496,old,2014-01-11 22:46:49.297000+00:00
497,old,2020-04-30 18:29:31.157000+00:00
498,old,2013-12-16 11:31:40.253000+00:00
499,old,2018-07-14 08:47:53.177000+00:00
500,old,2011-02-17 11:18:06.937000+00:00
501,old,2014-05-07 09:58:32.080000+00:00
502,old,2017-02-02 11:29:43.007000+00:00
503,old,2020-08-13 19:49:40.947000+00:00
504,old,2020-04-11 20:18:24.470000+00:00
505,old,2017-05-21 23:51:48.600000+00:00
506,old,2011-12-09 19:34:19.880000+00:00
507,old,2016-02-03 00:05:21.023000+00:00
508,old,2017-03-30 16:13:32.333000+00:00
509,old,2012-12-20 01:42:20.107000+00:00
510,old,2012-02-13 13:12:39.497000+00:00
511,old,2012-10-30 11:27:37.523000+00:00
512,old,2020-06-10 19:26:44.090000+00:00
513,old,2016-07-22 15:08:09.023000+00:00
514,old,2014-03-19 12:55:12.540000+00:00
515,old,2012-04-27 10:10:15.930000+00:00
516,old,2017-07-04 16:21:15.033000+00:00
517,old,2013-01-15 09:21:26.523000+00:00
518,old,2018-07-24 13:44:21.733000+00:00
519,old,2014-04-11 08:32:48.617000+00:00
520,old,2020-03-22 20:04:04.037000+00:00
521,old,2018-06-05 17:28:05.297000+00:00
522,old,2012-01-25 00:08:53.750000+00:00
523,old,2014-03-06 12:22:42.217000+00:00
524,old,2014-04-10 11:40:44.637000+00:00
525,old,2012-02-06 20:53:13.870000+00:00
526,old,2015-07-01 03:48:35.713000+00:00
527,old,2015-06-23 03:43:53.400000+00:00
528,old,2017-06-01 15:33:43.470000+00:00
529,old,2015-09-23 14:31:56.073000+00:00
530,old,2015-03-10 07:26:33.320000+00:00
531,old,2014-01-08 21:13:45.987000+00:00
532,old,2014-07-30 11:01:00.583000+00:00
533,old,2011-02-12 07:45:39.260000+00:00
534,old,2017-04-21 11:14:46.490000+00:00
535,old,2017-03-01 10:56:23.893000+00:00
536,old,2015-01-29 11:14:24.780000+00:00
537,old,2017-12-21 18:55:51.837000+00:00
538,old,2015-02-12 19:54:15.597000+00:00
539,old,2011-07-21 22:23:55.237000+00:00
540,old,2019-12-09 07:16:03.347000+00:00
541,old,2016-07-14 04:14:17.480000+00:00
542,old,2020-08-17 13:24:34.660000+00:00
543,old,2013-04-04 12:47:32.903000+00:00
544,old,2018-06-14 12:21:06.403000+00:00
545,old,2014-11-15 10:29:46.480000+00:00
546,old,2015-02-04 10:06:00.470000+00:00
547,old,2014-05-08 06:25:00.583000+00:00
548,old,2015-09-25 05:19:26.800000+00:00
549,old,2013-03-14 09:32:13.577000+00:00
550,old,2014-03-03 19:38:31.107000+00:00
551,old,2019-04-30 14:23:52.307000+00:00
552,old,2013-01-02 12:54:45.027000+00:00
553,old,2014-10-12 15:28:32.450000+00:00
554,old,2019-10-03 12:28:42.787000+00:00
555,old,2014-05-11 16:16:04.123000+00:00
556,old,2019-04-06 19:43:54.427000+00:00
557,old,2020-05-29 20:03:10.043000+00:00
558,old,2014-10-01 09:39:41.427000+00:00
559,old,2008-12-03 14:40:39.057000+00:00
560,old,2012-11-20 11:06:37.383000+00:00
561,old,2017-06-05 07:34:56.997000+00:00
562,old,2017-04-06 11:29:29.760000+00:00
563,old,2017-02-09 09:29:56.370000+00:00
564,old,2017-03-07 02:12:25.280000+00:00
565,old,2015-11-06 17:25:14.433000+00:00
566,old,2019-07-25 01:15:35.610000+00:00
567,old,2017-07-06 20:47:15.760000+00:00
568,old,2013-12-17 21:02:13.487000+00:00
569,old,2019-10-31 11:27:56.947000+00:00
570,old,2016-12-23 10:03:22.720000+00:00
571,old,2016-04-14 13:41:12.487000+00:00
572,old,2014-11-28 16:50:04.673000+00:00
573,old,2016-07-15 12:14:01.283000+00:00
574,old,2018-06-22 09:23:50.287000+00:00
575,old,2015-07-03 14:34:27.937000+00:00
576,old,2018-12-16 22:02:45.083000+00:00
577,old,2020-04-15 21:01:00.103000+00:00
578,old,2016-05-15 18:08:54.230000+00:00
579,old,2013-04-17 07:24:22.957000+00:00
580,old,2012-07-05 15:53:43.170000+00:00
581,old,2018-04-02 14:43:48.787000+00:00
582,old,2014-02-21 08:27:54.877000+00:00
583,old,2016-02-20 19:51:03.647000+00:00
584,old,2010-01-21 17:51:47.167000+00:00
585,old,2017-04-11 04:44:49.050000+00:00
586,old,2008-11-02 19:34:30.713000+00:00
587,old,2010-10-14 19:57:38.673000+00:00
588,old,2013-05-06 08:37:37.573000+00:00
589,old,2012-07-28 00:24:10.857000+00:00
590,old,2014-04-30 10:37:42.017000+00:00
591,old,2012-06-26 10:31:49.513000+00:00
592,old,2014-05-07 12:57:41.247000+00:00
593,old,2016-10-18 14:06:35.477000+00:00
594,old,2015-09-16 06:16:07.240000+00:00
595,old,2017-09-13 20:09:41.237000+00:00
596,old,2018-08-14 02:02:25.450000+00:00
597,old,2016-09-06 05:41:43.697000+00:00
598,old,2011-04-22 02:37:44.703000+00:00
599,old,2016-01-12 21:55:15.573000+00:00
600,old,2015-04-29 14:19:33.450000+00:00
601,old,2014-12-08 02:58:54.027000+00:00
602,old,2017-12-10 15:28:54.970000+00:00
603,old,2016-08-16 00:04:20.490000+00:00
604,old,2012-09-20 18:47:11.960000+00:00
605,old,2014-08-28 18:37:49.823000+00:00
606,old,2014-03-31 10:10:40.473000+00:00
607,old,2019-07-12 15:48:41.350000+00:00
608,old,2012-02-02 20:29:55.317000+00:00
609,old,2019-03-30 15:59:19.010000+00:00
610,old,2018-03-25 19:55:57.517000+00:00
611,old,2018-01-13 21:22:08.683000+00:00
612,old,2019-05-19 20:11:28.880000+00:00
613,old,2019-12-01 03:58:17.993000+00:00
614,old,2017-10-14 18:07:56.527000+00:00
615,old,2013-04-16 15:03:16.163000+00:00
616,old,2015-07-13 08:22:39.367000+00:00
617,old,2014-11-20 05:10:18.840000+00:00
618,old,2017-06-29 20:34:12.843000+00:00
619,old,2015-01-09 01:18:21.307000+00:00
620,old,2016-04-22 18:27:13.830000+00:00
621,old,2015-02-25 22:01:48.130000+00:00
622,old,2018-08-14 14:04:59.830000+00:00
623,old,2015-05-19 04:03:54.927000+00:00
624,old,2015-12-31 11:20:08.287000+00:00
625,old,2018-08-14 07:20:05.817000+00:00
626,old,2011-10-18 20:19:10.403000+00:00
627,old,2015-07-18 03:26:11.130000+00:00
628,old,2015-12-09 11:29:08.627000+00:00
629,old,2011-10-24 01:25:01.780000+00:00
630,old,2009-09-09 15:51:09.667000+00:00
631,old,2016-09-21 14:56:04.727000+00:00
632,old,2015-02-15 17:25:29.283000+00:00
633,old,2016-11-11 12:12:30.100000+00:00
634,old,2017-07-17 04:41:57.660000+00:00
635,old,2017-07-22 21:23:29.590000+00:00
636,old,2016-10-26 08:17:00.300000+00:00
637,old,2019-02-12 14:12:17.667000+00:00
638,old,2016-10-27 03:10:30.323000+00:00
639,old,2015-04-28 07:49:35.920000+00:00
640,old,2012-01-09 18:57:21.297000+00:00
641,old,2020-06-23 19:25:12.557000+00:00
642,old,2010-11-30 16:48:21.827000+00:00
643,old,2008-11-03 23:41:47.030000+00:00
644,old,2010-03-23 10:25:37.993000+00:00
645,old,2012-07-05 06:09:57.300000+00:00
646,old,2013-03-23 19:20:56.467000+00:00
647,old,2020-05-21 06:17:15.590000+00:00
648,old,2016-11-28 17:12:50.533000+00:00
649,old,2018-08-01 09:37:23.250000+00:00
650,old,2019-02-28 10:20:49.440000+00:00
651,old,2013-06-21 01:20:36.497000+00:00
652,old,2013-02-15 00:09:11.450000+00:00
653,old,2014-07-10 19:40:56.767000+00:00
654,old,2016-07-17 13:36:32.430000+00:00
655,old,2012-08-20 18:19:23.030000+00:00
656,old,2019-07-06 00:35:38.093000+00:00
657,old,2016-04-18 13:35:46.330000+00:00
658,old,2011-06-02 08:45:15.600000+00:00
659,old,2017-11-22 17:27:26.817000+00:00
660,old,2009-10-14 18:29:47.027000+00:00
661,old,2014-09-09 08:54:26.027000+00:00
662,old,2014-12-08 14:46:43.260000+00:00
663,old,2020-04-15 16:04:40.167000+00:00
664,old,2017-07-05 19:53:18.273000+00:00
665,old,2017-05-05 17:51:02.020000+00:00
666,old,2016-03-01 15:41:48.513000+00:00
667,old,2013-07-01 21:59:31.057000+00:00
668,old,2012-10-17 12:50:31.583000+00:00
669,old,2018-02-16 05:08:52.690000+00:00
670,old,2016-05-26 08:55:25.167000+00:00
671,old,2012-02-13 02:28:20.460000+00:00
672,old,2015-04-15 23:22:17.657000+00:00
673,old,2019-08-18 14:39:55.260000+00:00
674,old,2019-08-26 20:24:52.880000+00:00
675,old,2018-09-13 09:02:32.910000+00:00
676,old,2013-10-31 08:50:33.320000+00:00
677,old,2016-03-18 07:14:59.990000+00:00
678,old,2013-11-13 21:56:19.413000+00:00
679,old,2015-04-19 12:27:15.190000+00:00
680,old,2015-12-02 09:12:50.950000+00:00
681,old,2014-10-08 16:40:53.377000+00:00
682,old,2012-01-04 20:32:19.600000+00:00
683,old,2011-01-07 05:36:33.087000+00:00
684,old,2015-04-14 05:23:09.797000+00:00
685,old,2014-02-16 21:04:36.537000+00:00
686,old,2013-10-20 15:51:26.033000+00:00
687,old,2020-06-09 15:33:35.980000+00:00
688,old,2016-02-11 20:02:01.773000+00:00
689,old,2014-03-27 21:37:15.767000+00:00
690,old,2014-02-21 00:38:36.873000+00:00
691,old,2018-02-20 20:10:18.870000+00:00
692,old,2015-06-02 20:36:09.037000+00:00
693,old,2014-11-18 13:13:40.860000+00:00
694,old,2013-08-29 09:22:10.340000+00:00
695,old,2011-08-26 12:37:33.753000+00:00
696,old,2018-05-01 00:10:58.913000+00:00
697,old,2016-03-27 14:19:13.707000+00:00
698,old,2015-08-07 17:48:19.600000+00:00
699,old,2016-10-03 10:39:48.950000+00:00
700,old,2012-04-09 00:44:40.317000+00:00
701,old,2012-10-07 14:15:08.410000+00:00
702,old,2015-06-24 22:57:05.060000+00:00
703,old,2011-05-11 23:45:03.120000+00:00
704,old,2009-11-27 17:01:03.013000+00:00
705,old,2018-02-09 14:10:07.160000+00:00
706,old,2016-08-19 14:37:31.530000+00:00
707,old,2015-12-13 20:42:57.583000+00:00
708,old,2014-03-13 23:56:35.200000+00:00
709,old,2012-06-10 02:18:58.837000+00:00
710,old,2017-03-21 11:25:05.263000+00:00
711,old,2012-03-08 09:15:54.420000+00:00
712,old,2010-12-07 16:16:28.893000+00:00
713,old,2018-09-01 14:30:41.513000+00:00
714,old,2015-09-09 07:45:21.497000+00:00
715,old,2012-11-18 13:52:25.333000+00:00
716,old,2017-01-08 12:32:57.130000+00:00
717,old,2015-08-03 11:44:51.043000+00:00
718,old,2017-06-28 05:44:12.897000+00:00
719,old,2019-09-06 07:25:19.277000+00:00
720,old,2011-09-02 18:07:28.667000+00:00
721,old,2013-09-15 21:44:54.413000+00:00
722,old,2017-01-26 08:30:18.493000+00:00
723,old,2013-12-13 04:08:45.923000+00:00
724,old,2013-02-21 21:50:46.203000+00:00
725,old,2012-03-23 16:07:05.570000+00:00
726,old,2012-02-23 20:21:40.447000+00:00
727,old,2020-03-11 01:00:27.170000+00:00
728,old,2017-08-28 10:45:45.957000+00:00
729,old,2015-01-25 18:24:31.207000+00:00
730,old,2012-11-19 05:53:27.637000+00:00
731,old,2019-06-21 13:59:33.987000+00:00
732,old,2016-11-17 16:26:08.320000+00:00
733,old,2012-02-11 00:28:21.950000+00:00
734,old,2014-06-16 15:13:28.690000+00:00
735,old,2012-08-30 20:28:35.103000+00:00
736,old,2015-12-02 08:55:57.923000+00:00
737,old,2018-04-20 14:14:16.783000+00:00
738,old,2019-03-30 04:21:15.163000+00:00
739,old,2009-04-21 15:47:34.050000+00:00
740,old,2010-05-07 21:06:39.573000+00:00
741,old,2013-07-14 17:22:39.943000+00:00
742,old,2011-05-03 00:01:39.427000+00:00
743,old,2018-08-24 20:39:08.617000+00:00
744,old,2020-06-15 20:23:00.247000+00:00
745,old,2014-01-25 23:32:56.243000+00:00
746,old,2015-05-17 17:42:52.350000+00:00
747,old,2014-11-10 18:44:09.757000+00:00
748,old,2020-01-23 18:28:48.667000+00:00
749,old,2020-02-15 02:53:10.423000+00:00
750,old,2012-03-17 02:33:37.340000+00:00
751,old,2015-05-30 09:43:47.313000+00:00
752,old,2017-11-19 07:53:58.497000+00:00
753,old,2015-03-26 08:23:25.787000+00:00
754,old,2020-04-08 21:16:28.330000+00:00
755,old,2020-07-22 16:26:01.053000+00:00
756,old,2018-02-17 22:23:36.733000+00:00
757,old,2013-05-29 12:17:14.330000+00:00
758,old,2014-01-20 19:15:30.100000+00:00
759,old,2013-11-14 16:17:10.817000+00:00
760,old,2015-09-21 08:40:23.780000+00:00
761,old,2015-06-04 10:20:18.317000+00:00
762,old,2018-10-04 15:35:37.573000+00:00
763,old,2016-05-26 20:39:47.890000+00:00
764,old,2018-11-21 07:53:02.227000+00:00
765,old,2018-08-06 16:04:12.740000+00:00
766,old,2015-03-24 09:40:01.877000+00:00
767,old,2016-08-02 06:05:46.487000+00:00
768,old,2019-03-04 10:11:57.243000+00:00
769,old,2013-07-24 10:57:59.753000+00:00
770,old,2020-01-02 15:46:05.353000+00:00
771,old,2016-05-28 08:29:49.060000+00:00
772,old,2013-04-26 08:04:49.467000+00:00
773,old,2015-08-18 06:26:03.080000+00:00
774,old,2018-07-23 13:09:29.700000+00:00
775,old,2014-05-06 14:13:53.263000+00:00
776,old,2016-10-09 22:13:18.320000+00:00
777,old,2016-06-29 18:18:17.107000+00:00
778,old,2015-08-17 01:19:56.417000+00:00
779,old,2014-09-15 17:22:14.267000+00:00
780,old,2014-02-27 15:32:35.207000+00:00
781,old,2013-10-25 19:56:52.757000+00:00
782,old,2020-08-22 19:16:27.873000+00:00
783,old,2014-03-13 10:20:20.373000+00:00
784,old,2016-07-12 10:02:14.097000+00:00
785,old,2017-06-08 14:27:41.483000+00:00
786,old,2011-06-24 20:51:34.733000+00:00
787,old,2012-09-08 18:46:28.987000+00:00
788,old,2011-10-23 14:44:49.480000+00:00
789,old,2015-12-09 06:08:04.147000+00:00
790,old,2015-03-29 02:42:57.523000+00:00
791,old,2010-06-08 13:53:07.993000+00:00
792,old,2011-12-01 02:25:17.693000+00:00
793,old,2015-01-12 14:16:16.787000+00:00
794,old,2020-07-29 16:22:53.200000+00:00
795,old,2011-09-06 15:21:43.587000+00:00
796,old,2014-08-06 08:12:16.903000+00:00
797,old,2015-02-06 18:31:01.623000+00:00
798,old,2016-03-03 09:39:14.487000+00:00
799,old,2010-01-30 09:50:56.817000+00:00
800,old,2013-03-20 18:25:26.637000+00:00
801,old,2013-06-24 02:11:25.977000+00:00
802,old,2017-09-28 11:33:33.263000+00:00
803,old,2014-05-01 13:34:27.773000+00:00
804,old,2017-11-22 10:04:26.197000+00:00
805,old,2016-01-16 18:38:17.713000+00:00
806,old,2012-07-03 11:58:30.820000+00:00
807,old,2016-07-08 22:06:28.967000+00:00
808,old,2016-05-22 23:26:36.617000+00:00
809,old,2019-08-11 01:00:55.943000+00:00
810,old,2015-09-30 20:28:39.520000+00:00
811,old,2013-03-18 09:25:41.847000+00:00
812,old,2014-07-04 07:00:11.437000+00:00
813,old,2016-09-27 15:08:54.180000+00:00
814,old,2018-07-12 15:47:14.127000+00:00
815,old,2013-03-13 00:45:07.277000+00:00
816,old,2016-02-12 23:28:24.747000+00:00
817,old,2014-01-24 13:22:18.067000+00:00
818,old,2020-02-19 06:41:24.340000+00:00
819,old,2014-02-25 14:08:34.420000+00:00
820,old,2009-01-22 04:23:04.953000+00:00
821,old,2012-01-12 04:56:38.893000+00:00
822,old,2013-05-17 17:58:52.627000+00:00
823,old,2012-08-17 09:21:13.113000+00:00
824,old,2016-12-13 09:12:03.223000+00:00
825,old,2017-12-28 16:37:24.927000+00:00
826,old,2018-04-20 04:36:35.403000+00:00
827,old,2017-07-21 15:32:38.030000+00:00
828,old,2010-10-20 16:52:10.883000+00:00
829,old,2016-03-01 07:13:54.450000+00:00
830,old,2013-12-12 18:58:36.883000+00:00
831,old,2016-01-26 07:04:40.180000+00:00
832,old,2015-03-18 04:48:25.803000+00:00
833,old,2012-07-12 22:06:39.440000+00:00
834,old,2014-07-08 14:32:38.330000+00:00
835,old,2017-09-11 10:00:15.160000+00:00
836,old,2017-12-29 16:15:03.937000+00:00
837,old,2016-02-07 13:44:31.677000+00:00
838,old,2019-02-11 00:16:51.880000+00:00
839,old,2016-12-15 20:47:33.933000+00:00
840,old,2016-06-11 16:48:59.470000+00:00
841,old,2018-04-13 04:14:40.093000+00:00
842,old,2017-06-22 16:20:58.563000+00:00
843,old,2013-10-13 17:26:13.560000+00:00
844,old,2019-11-17 10:38:35.773000+00:00
845,old,2014-06-12 09:41:36.557000+00:00
846,old,2019-08-30 14:19:18.750000+00:00
847,old,2019-07-17 06:49:31.133000+00:00
848,old,2014-01-10 10:34:57.903000+00:00
849,old,2016-12-01 09:54:46.670000+00:00
850,old,2013-02-04 15:16:59.240000+00:00
851,old,2015-04-22 12:38:28.857000+00:00
852,old,2018-05-24 11:10:31.103000+00:00
853,old,2013-11-25 17:37:17.247000+00:00
854,old,2012-07-04 05:47:48+00:00
855,old,2016-11-23 07:39:27.943000+00:00
856,old,2014-06-25 19:03:09.563000+00:00
857,old,2016-03-30 07:06:07.720000+00:00
858,old,2019-10-28 10:05:23.033000+00:00
859,old,2014-04-11 17:20:59.410000+00:00
860,old,2013-11-06 04:17:51.517000+00:00
861,old,2015-12-21 11:50:15.890000+00:00
862,old,2015-07-04 22:33:04.463000+00:00
863,old,2017-06-15 20:01:30.833000+00:00
864,old,2014-02-28 13:46:39.573000+00:00
865,old,2020-05-28 16:14:08.247000+00:00
866,old,2016-09-11 17:43:09.467000+00:00
867,old,2016-07-07 17:57:43.127000+00:00
868,old,2017-08-01 10:25:24.210000+00:00
869,old,2012-04-03 12:23:43.800000+00:00
870,old,2013-12-12 15:40:58.840000+00:00
871,old,2011-06-27 03:29:21.633000+00:00
872,old,2013-08-09 13:55:50.743000+00:00
873,old,2015-06-30 00:03:20.337000+00:00
874,old,2020-02-19 11:18:34.733000+00:00
875,old,2017-07-09 01:28:40.687000+00:00
876,old,2014-01-27 20:12:22.513000+00:00
877,old,2013-11-03 05:29:01.773000+00:00
878,old,2011-05-19 02:02:49.727000+00:00
879,old,2012-11-09 03:12:20.540000+00:00
880,old,2015-12-10 21:09:38.363000+00:00
881,old,2014-10-13 14:01:20.523000+00:00
882,old,2013-10-10 10:41:42.287000+00:00
883,old,2019-01-10 15:49:56.537000+00:00
884,old,2018-07-06 00:21:34.297000+00:00
885,old,2011-06-06 15:10:23.383000+00:00
886,old,2010-05-01 21:32:09.323000+00:00
887,old,2011-01-25 09:52:12.407000+00:00
888,old,2014-11-12 07:11:03.510000+00:00
889,old,2020-01-10 16:05:29.473000+00:00
890,old,2018-01-24 17:59:05.357000+00:00
891,old,2018-08-20 10:46:11.810000+00:00
892,old,2011-10-12 22:17:43.883000+00:00
893,old,2014-12-08 16:00:01.900000+00:00
894,old,2019-08-03 11:16:05.657000+00:00
895,old,2014-03-27 12:43:54.310000+00:00
896,old,2017-10-24 12:26:03.537000+00:00
897,old,2014-05-09 22:37:10.627000+00:00
898,old,2016-08-09 10:51:58.293000+00:00
899,old,2009-03-19 14:05:40.883000+00:00
900,old,2013-06-14 21:27:13.597000+00:00
901,old,2016-06-07 21:15:23.143000+00:00
902,old,2012-11-17 14:12:04.910000+00:00
903,old,2012-09-10 08:56:27.333000+00:00
904,old,2019-04-04 09:43:55.220000+00:00
905,old,2014-12-17 09:07:15.613000+00:00
906,old,2012-04-04 09:46:27.970000+00:00
907,old,2017-05-01 19:54:59.630000+00:00
908,old,2012-03-11 00:42:17.927000+00:00
909,old,2012-11-10 11:49:49.383000+00:00
910,old,2017-09-23 16:32:20.223000+00:00
911,old,2020-05-04 10:24:59.880000+00:00
912,old,2013-09-28 08:51:08.780000+00:00
913,old,2011-08-10 20:39:55.547000+00:00
914,old,2018-05-01 18:50:24.700000+00:00
915,old,2020-08-31 03:00:05.493000+00:00
916,old,2011-07-29 06:00:59.630000+00:00
917,old,2019-06-05 18:46:34.667000+00:00
918,old,2012-06-16 17:10:38.240000+00:00
919,old,2019-07-29 14:43:32.243000+00:00
920,old,2017-11-26 07:07:03.850000+00:00
921,old,2014-05-20 05:54:41.597000+00:00
922,old,2018-05-08 13:38:34.797000+00:00
923,old,2014-08-25 07:54:44.763000+00:00
924,old,2011-08-25 16:38:30.013000+00:00
925,old,2014-07-11 10:17:45.127000+00:00
926,old,2012-01-25 18:56:57.817000+00:00
927,old,2016-07-29 11:11:49.727000+00:00
928,old,2017-06-15 00:28:31.393000+00:00
929,old,2016-05-10 05:54:21.493000+00:00
930,old,2011-02-07 00:23:12.707000+00:00
931,old,2019-02-16 10:02:16.523000+00:00
932,old,2016-06-30 02:44:18.623000+00:00
933,old,2013-05-15 09:30:23.503000+00:00
934,old,2013-11-12 07:49:44.077000+00:00
935,old,2015-07-29 10:07:38.430000+00:00
936,old,2018-05-08 09:50:25.113000+00:00
937,old,2014-09-04 18:49:50.647000+00:00
938,old,2011-08-24 04:37:00.147000+00:00
939,old,2018-06-25 03:33:56.343000+00:00
940,old,2016-07-09 07:28:05.423000+00:00
941,old,2015-06-02 00:25:53.560000+00:00
942,old,2012-04-17 06:41:21.420000+00:00
943,old,2018-01-25 00:17:24.607000+00:00
944,old,2011-07-27 14:46:20.417000+00:00
945,old,2016-03-28 01:19:52.240000+00:00
946,old,2015-07-21 06:11:44.127000+00:00
947,old,2013-03-04 08:58:49.143000+00:00
948,old,2019-12-15 17:25:02.920000+00:00
949,old,2013-10-30 09:06:03.617000+00:00
950,old,2010-09-01 03:28:26.777000+00:00
951,old,2015-05-23 19:44:29.830000+00:00
952,old,2017-07-17 09:42:41.550000+00:00
953,old,2015-02-13 16:02:22.657000+00:00
954,old,2011-08-17 03:06:31.043000+00:00
955,old,2014-02-20 07:47:29.043000+00:00
956,old,2018-11-08 14:07:22.843000+00:00
957,old,2014-01-15 03:58:47.687000+00:00
958,old,2013-12-24 08:10:23.047000+00:00
959,old,2017-04-15 00:22:17.857000+00:00
960,old,2011-04-01 05:28:13.140000+00:00
961,old,2014-02-17 21:46:33.133000+00:00
962,old,2012-05-22 21:33:25.993000+00:00
963,old,2017-12-05 05:11:18.767000+00:00
964,old,2017-07-27 08:11:54.750000+00:00
965,old,2015-05-06 02:01:19.110000+00:00
966,old,2015-07-09 21:00:46.513000+00:00
967,old,2009-11-25 19:36:11.190000+00:00
968,old,2014-02-12 08:42:11.797000+00:00
969,old,2014-06-27 12:43:34.597000+00:00
970,old,2014-11-15 13:13:53.860000+00:00
971,old,2013-03-18 10:35:55.567000+00:00
972,old,2013-08-26 14:51:28.347000+00:00
973,old,2015-02-14 12:11:14.093000+00:00
974,old,2019-11-19 14:19:33.717000+00:00
975,old,2011-05-30 16:54:38.250000+00:00
976,old,2012-05-13 21:00:59.767000+00:00
977,old,2016-10-25 18:31:22.700000+00:00
978,old,2020-06-22 19:49:50.577000+00:00
979,old,2016-07-25 01:58:51.987000+00:00
980,old,2016-07-08 21:17:28.920000+00:00
981,old,2014-07-30 12:07:20.787000+00:00
982,old,2011-03-11 18:38:14.883000+00:00
983,old,2014-01-13 08:48:58.823000+00:00
984,old,2012-11-09 20:25:12.340000+00:00
985,old,2014-04-10 10:31:14.423000+00:00
986,old,2014-01-14 17:09:38.413000+00:00
987,old,2018-02-06 05:46:47.180000+00:00
988,old,2016-01-26 15:21:30.150000+00:00
989,old,2014-02-05 07:07:33.923000+00:00
990,old,2014-05-04 22:04:24.330000+00:00
991,old,2013-03-11 16:05:47.507000+00:00
992,old,2013-08-07 21:02:19.630000+00:00
993,old,2013-04-25 06:15:44.503000+00:00
994,old,2010-03-25 16:37:07.133000+00:00
995,old,2009-08-27 15:06:51.170000+00:00
996,old,2013-11-22 08:48:24.430000+00:00
997,old,2017-06-05 10:24:34.810000+00:00
998,old,2017-08-08 00:25:16.837000+00:00
999,old,2012-04-09 22:18:13.040000+00:00
